ID,Description,GeneRatio,BgRatio,RichFactor,FoldEnrichment,zScore,pvalue,p.adjust,qvalue,geneID,Count
GO:0021953,central nervous system neuron differentiation,53/1039,262/21338,0.20229007633587787,4.154442395433072,11.622947664947487,5.327455723510951e-19,1.24180715611321e-15,1.0364967828939687e-15,LRP6/MAP2/OPHN1/LHX5/CBLN1/SFRP1/DLX5/B4GALT6/LHX4/NPY/NEUROD4/NKX2-2/BMP2/BCL11B/FOXP2/MNX1/EPHB2/NKX2-1/LBX1/ASCL1/FOXN4/MDGA2/NFIB/DRD2/POU4F1/GRID2/PRDM8/EPHB1/CHRNB2/ELAVL4/BRINP3/NEUROD1/TBX20/UNCX/GBX2/RAC3/GSX1/SEMA3E/OTP/TTC36/DAB1/BRSK2/NHLH2/ERBB4/NRXN1/EPHB3/PTCH1/MAPT/DCC/HES5/OLIG2/SKOR2/LHX1,53
GO:0060078,regulation of postsynaptic membrane potential,42/1039,167/21338,0.25149700598802394,5.165007809213143,12.224764459854619,5.458701861486327e-19,1.24180715611321e-15,1.0364967828939687e-15,GABRA3/SEZ6/PRKCZ/RIMS1/CHRNA3/P2RX7/STX1B/SLC8A3/NTSR1/CHRNA4/CELF4/GLRA2/CBLN1/P2RX3/CUX2/GABRG2/SLC8A2/GRIA2/GLRA3/DRD2/GRID2/GRIA4/CHRNB2/SHANK1/SLC1A7/GRIK3/GRIK2/HCN1/GABRB3/NETO1/CHRM1/GRM5/RIMS2/NRXN1/RGS7/KCTD16/KCND2/RGS7BP/LRRK2/RELN/GRIN3A/GRIN2B,42
GO:0007416,synapse assembly,58/1039,312/21338,0.1858974358974359,3.8177858394412776,11.343421759010738,7.928115489124559e-19,1.24180715611321e-15,1.0364967828939687e-15,GABRA3/CRMP1/SIX4/CBLN1/PTPRS/NECTIN1/CUX2/GABRG2/CSMD2/RAP2A/FLRT3/FLRT1/SIX1/LRRC4/EPHB2/ADGRB3/ST8SIA2/LRRTM2/DRD2/ADGRL3/POU4F1/GRID2/PTPRD/EPHB1/LHFPL4/CLSTN2/CHRNB2/SHANK2/LRRTM1/BSN/SLITRK5/LRFN5/LRTM2/GABRB3/CASKIN1/IL1RAPL1/RAC3/DSCAM/NEGR1/SPTBN2/LINGO2/LRRN1/LRRTM4/SLITRK1/ERBB4/SLITRK4/NRXN1/ADGRB1/EPHB3/SLITRK2/PCLO/CARMIL3/MAPT/SLIT1/RELN/NTNG2/DNM3/LRRTM3,58
GO:0050803,regulation of synapse structure or activity,63/1039,367/21338,0.17166212534059946,3.525434485580088,11.040702285235794,1.6095835473870166e-18,1.8908582722928976e-15,1.5782390256747433e-15,CRMP1/CTTNBP2/PAK3/IGSF9/SLC17A6/STX1B/SIX4/RPS6KA5/CBLN1/PTPRS/NECTIN1/CUX2/RAP2A/FLRT3/FLRT1/SIX1/C1QL1/EPHB2/ADGRB3/ST8SIA2/LRRTM2/DRD2/CDH8/GRID2/PTPRD/EPHB1/LRFN2/LHFPL4/CLSTN2/CHRNB2/LRRTM1/CAMKV/SLITRK5/LRFN5/LRTM2/CASKIN1/IL1RAPL1/RAC3/ZNF804A/NEUROD2/NEGR1/DAB1/LINGO2/LRRN1/LRRTM4/CDK5R1/SLITRK1/SLC17A8/SLITRK4/NRXN1/ADGRB1/EPHB3/SLITRK2/CARMIL3/SLIT1/SLC18A3/LRRK2/RELN/NTNG2/LRRTM3/PDXP/GRIN2B/SRCIN1,63
GO:0007409,axonogenesis,75/1039,500/21338,0.15,3.0805582290664097,10.650597953261686,2.51142569058726e-18,2.3602378640139068e-15,1.9700151838164488e-15,ETV1/CELSR3/CNTN1/NRXN3/FSTL4/NTN4/PAK3/MAP2/OPHN1/SEMA5B/IGSF9/EFNA2/RPS6KA5/PTPRS/RAB3A/DLX5/HOXA2/NECTIN1/UNC5A/VAX2/TNR/STMN1/B4GALT6/BCL11A/LHX4/FLRT3/BCL11B/ATP8A2/EPHB2/CNTN6/NKX2-1/ARK2C/SEMA6C/CNTN4/NFIB/VAX1/NCAM1/DRD2/ANK3/POU4F1/PRDM8/SEMA3D/EPHB1/KIF5A/CHRNB2/CLASP2/SLITRK5/KIF5C/GBX2/GDNF/RAC3/ALCAM/SEMA3E/DSCAM/DAB1/BRSK2/CDK5R1/DSCAML1/SLITRK1/SLITRK4/NRXN1/ADGRB1/EPHB3/EPHA10/NOG/PTCH1/SLITRK2/MAPT/SLIT1/DCC/RELN/NTNG2/L1CAM/ARHGEF25/LHX1,75
GO:0098742,cell-cell adhesion via plasma-membrane adhesion molecules,58/1039,325/21338,0.17846153846153845,3.665074405863626,10.953278225492797,5.867447019383475e-18,4.595188924013825e-15,3.835457472670673e-15,CELSR3/CDH10/CDH7/PCDHA6/IGSF9/PCDH11X/PCDH11X/CBLN1/PTPRS/NECTIN1/CDH9/PCDHB15/BMP2/FLRT3/MMP24/LRRC4/CNTN6/CRB1/CDH13/CNTN4/CDH18/CDHR1/CDH22/PCDH15/CDH8/ADGRL3/GRID2/PTPRD/CDH12/CLSTN2/MPZ/SLITRK5/LRFN5/ELFN2/IL1RAPL1/PCDH7/ALCAM/DSCAM/DAB1/CADM2/DSCAML1/SLITRK1/NRXN1/SLITRK2/PTPRT/NTNG2/MBP/L1CAM/PCDHA9/PCDHA8/PCDHA5/PCDHA4/PCDHA2/PCDHGC4/PCDHAC1/PCDHA12/PCDHGB4/PCDHA3,58
GO:0050807,regulation of synapse organization,60/1039,359/21338,0.1671309192200557,3.4323768568985074,10.515328049402532,3.999980155971355e-17,2.0884340836565993e-14,1.7431492469180433e-14,CRMP1/CTTNBP2/PAK3/IGSF9/SIX4/RPS6KA5/CBLN1/PTPRS/NECTIN1/CUX2/RAP2A/FLRT3/FLRT1/SIX1/C1QL1/EPHB2/ADGRB3/ST8SIA2/LRRTM2/DRD2/CDH8/GRID2/PTPRD/EPHB1/LRFN2/LHFPL4/CLSTN2/CHRNB2/LRRTM1/CAMKV/SLITRK5/LRFN5/LRTM2/CASKIN1/IL1RAPL1/RAC3/ZNF804A/NEUROD2/NEGR1/DAB1/LINGO2/LRRN1/LRRTM4/CDK5R1/SLITRK1/SLITRK4/NRXN1/ADGRB1/EPHB3/SLITRK2/CARMIL3/SLIT1/SLC18A3/LRRK2/RELN/NTNG2/LRRTM3/PDXP/GRIN2B/SRCIN1,60
GO:0006334,nucleosome assembly,36/1039,141/21338,0.2553191489361702,5.243503368623677,11.437577196242312,1.0705728540202165e-16,5.0306218410409974e-14,4.198899425346661e-14,MACROH2A2/H2BC11/H4C8/H1-4/H2BC4/H3C13/H1-5/H2BC13/H1-6/H1-2/H4C3/H3C12/H4C11/H3C14/H3C15/H2BC15/H4C15/H4C14/H4C12/H2BC8/H3C8/H2BC17/H3C6/H3C11/H2BC9/H3C1/H2BC3/H4C5/H4C4/H2BC7/H3C7/H4C1/H4C2/H3C10/H3C2/H3C3,36
GO:0034728,nucleosome organization,37/1039,163/21338,0.22699386503067484,4.661785459118902,10.61725184428471,2.4495419905580374e-15,8.854152164332475e-13,7.390278102687652e-13,MACROH2A2/H2BC11/H4C8/H1-4/H2BC4/H2AC25/H3C13/H1-5/H2BC13/H1-6/H1-2/H4C3/H3C12/H4C11/H3C14/H3C15/H2BC15/H4C15/H4C14/H4C12/H2BC8/H3C8/H2BC17/H3C6/H3C11/H2BC9/H3C1/H2BC3/H4C5/H4C4/H2BC7/H3C7/H4C1/H4C2/H3C10/H3C2/H3C3,37
GO:0061644,protein localization to CENP-A containing chromatin,13/1039,18/21338,0.7222222222222222,14.832317399208641,13.282344150055843,5.489463846156224e-14,1.71966604087254e-11,1.435350336194954e-11,H2BC11/H4C8/H4C3/H4C11/H4C15/H4C14/H4C12/H4C5/H2AC8/H4C4/H2AC4/H4C1/H4C2,13
GO:0006836,neurotransmitter transport,42/1039,232/21338,0.1810344827586207,3.7179151040456673,9.417031936415018,1.391087681327487e-13,3.845130008563448e-11,3.2094072449697936e-11,ABCC8/SYT13/SLC18A1/CHAT/SLC6A15/RIMS1/CHRNA3/P2RX7/SLC17A6/STX1B/HRH3/SLC32A1/SLC1A6/RAB3A/SLC1A1/SLC38A1/CSPG5/RIMS3/SV2C/NPY/GRM4/UNC13A/SYT4/UNC13C/CPLX2/SLC22A3/CACNA1B/DRD2/SLC1A7/GDNF/CPLX1/RAB3B/GPR151/RIMS2/SLC17A8/NRXN1/SYN3/PCLO/ERC2/SLC18A3/LRRK2/GABRQ,42
GO:0007612,learning,35/1039,174/21338,0.20114942528735633,4.1310167822729635,9.382061463471926,6.314838032145529e-13,1.6485235507251021e-10,1.3759699712148681e-10,ABCC8/NRXN3/JPH4/SLC8A3/NTSR1/PAK5/SLC1A1/TNR/SLC8A2/ATP8A1/FOXP2/C1QL1/EPHB2/ADGRB3/DRD2/JPH3/SORCS3/CLSTN2/CHRNB2/SHANK1/SHANK2/ELAVL4/GABRB3/NETO1/GRM5/NEUROD2/TTC36/CNTNAP2/NRXN1/TH/PLCB1/CSMD1/NOG/RELN/TAFA2,35
GO:0099565,"chemical synaptic transmission, postsynaptic",30/1039,130/21338,0.23076923076923078,4.739320352409862,9.67501445853636,6.760640300267464e-13,1.6720130932082536e-10,1.3955759423155999e-10,SEZ6/PRKCZ/RIMS1/CHRNA3/KCNK2/P2RX7/STX1B/SLC8A3/NTSR1/CHRNA4/CELF4/GLRA2/CBLN1/P2RX3/CUX2/SLC8A2/GLRA3/DRD2/GRID2/CHRNB2/SHANK1/SLC1A7/GRIK2/GABRB3/NETO1/RIMS2/NRXN1/LRRK2/RELN/GRIN2B,30
GO:0035249,"synaptic transmission, glutamatergic",28/1039,122/21338,0.22950819672131148,4.713422426986857,9.30592715324423,4.557280142091576e-12,9.73393608531287e-10,8.124605650446515e-10,ABCC8/CACNG4/OPHN1/SLC17A6/TNR/GRIA2/GRM4/UNC13A/UNC13C/DRD2/CDH8/GRID2/GRIA4/GRIK3/GRM2/GRIK2/HCN1/CACNG2/GRM5/DSCAM/SLC17A8/NRXN1/LRRK2/RELN/GRM7/GRIN3A/FRRS1L/GRIN2B,28
GO:0045664,regulation of neuron differentiation,37/1039,206/21338,0.1796116504854369,3.6886943195940836,8.772873546616058,5.056877707314985e-12,1.0331421020292658e-9,8.623307248263449e-10,SOX8/ASPM/EYA1/SFRP1/HOXA2/MYCL/BCL11A/NKX2-2/BMP2/SIX1/BCL11B/HOXD3/MYCN/SOX3/MMD2/ZFHX2/LBX1/ASCL1/SH3GL3/CNTN4/GDF6/BRINP3/NEUROD1/RAC3/NEUROD2/DAB1/VWC2L/CDK5R1/SOX11/LRRK2/RELN/HES5/ZNF536/DLL1/DISP3/OLIG2/TUNAR,37
GO:0071805,potassium ion transmembrane transport,38/1039,220/21338,0.17272727272727273,3.5473094758946537,8.592188364673234,8.954372076450476e-12,1.5583923847126217e-9,1.3007403647896482e-9,ABCC8/KCNQ2/KCNK2/P2RX7/KCNH4/SLC17A6/NALCN/ATP1A3/KCNT1/KCNIP3/KCNIP2/KCNC1/KCNA5/FXYD2/KCNH5/HCN3/ANK3/AKAP6/KCNB1/KCNT2/KCNJ9/KCNJ3/HCN1/KCNC2/KCNV2/KCNK9/KCNS3/KCNK3/NPPA/DPP10/KCNA3/KCNB2/KCNH8/KCNK12/KCND2/KCNH7/KCNJ11/KCNMB2,38
GO:0006813,potassium ion transport,41/1039,254/21338,0.16141732283464566,3.3150364144809132,8.39721575250042,1.2827436168647002e-11,2.1527186627311525e-9,1.7968055324954414e-9,ABCC8/KCNQ2/KCNK2/P2RX7/KCNH4/SLC17A6/NALCN/ATP1A3/KCNT1/KCNIP3/KCNIP2/KCNC1/KCNA5/FXYD6/FXYD2/KCNH5/HCN3/DRD2/ANK3/AKAP6/KCNB1/KCNT2/KCNJ9/KCNJ3/HCN1/KCNC2/KCNV2/KCNK9/KCNS3/KCNK3/NPPA/DPP10/KCNA3/KCNB2/KCNH8/KCNK12/KCND2/KCNH7/KCNJ11/KCNMB2/FXYD7,41
GO:0051962,positive regulation of nervous system development,47/1039,321/21338,0.14641744548286603,3.0069831104075027,8.196869151942554,1.4312923488770113e-11,2.286465557743325e-9,1.9084397952871567e-9,SOX8/ASPM/DCT/SOX10/CBLN1/CUX2/OPRM1/MYB/BCL11A/MYRF/NKX2-2/BMP2/FLRT3/FLRT1/EPHB2/ADGRB3/ASCL1/ST8SIA2/LRRTM2/DRD2/GRID2/PTPRD/EPHB1/CLSTN2/LRRTM1/SLITRK5/LRTM2/GRM5/IL1RAPL1/OTP/DSCAM/LINGO2/LRRN1/LRRTM4/SOX11/SLITRK1/SLITRK4/NRXN1/ADGRB1/EPHB3/SLITRK2/MAPT/RELN/LRRTM3/L1CAM/OLIG2/ZNF488,47
GO:0007215,glutamate receptor signaling pathway,20/1039,69/21338,0.2898550724637681,5.952769524766009,9.322583009566893,5.578126765078596e-11,8.039145014528666e-9,6.710017657538293e-9,SLC1A1/GRIA2/GRM4/EPHB2/SSTR1/GRID2/GRIA4/KCNB1/SHANK1/GRIK3/GRM2/GRIK2/GRM5/CDK5R1/NRXN1/PLCB1/GRM7/GRIN3A/FRRS1L/GRIN2B,20
GO:0048167,regulation of synaptic plasticity,40/1039,255/21338,0.1568627450980392,3.221498801638076,8.073969411544526,5.6477582779014514e-11,8.039145014528666e-9,6.710017657538293e-9,PRKCZ/JPH4/SLC8A3/CBLN1/RAB3A/SLC1A1/P2RX3/SLC38A1/TNR/SLC8A2/VGF/SYT4/EPHB2/UNC13C/ACP4/CNTN4/CPLX2/LRRTM2/DRD2/GRID2/JPH3/SORCS3/KCNB1/SHANK2/LRRTM1/GRM2/GRIK2/NETO1/GRM5/NEUROD2/SLITRK4/ADGRB1/NOG/MAPT/SLC18A3/SHISA7/RELN/GRIN3A/SHISA8/GRIN2B,40
GO:0048706,embryonic skeletal system development,29/1039,144/21338,0.2013888888888889,4.135934659394717,8.542380590932376,5.8167893273882664e-11,8.039145014528666e-9,6.710017657538293e-9,HOXA11/DLX6/MBTD1/COL11A1/HOXA9/GRHL2/SIX4/FGF9/XYLT1/EYA1/DLX5/HOXA2/MDFI/SIX1/HOXD3/MYCN/PDGFRA/TFAP2A/COL2A1/OSR1/MMP16/HAND2/HOXD4/DMRT2/SOX11/DSCAML1/NOG/PAX5/LHX1,29
GO:1901890,positive regulation of cell junction assembly,28/1039,135/21338,0.2074074074074074,4.259537304388122,8.595305434037318,5.992057606460657e-11,8.04476534078818e-9,6.714708764412756e-9,CBLN1/SFRP1/CUX2/FLRT3/FLRT1/EPHB2/ADGRB3/ST8SIA2/LRRTM2/GRID2/PTPRD/EPHB1/CLSTN2/LRRTM1/SLITRK5/LRTM2/IL1RAPL1/CNTNAP2/LINGO2/LRRN1/LRRTM4/SLITRK1/SLITRK4/NRXN1/ADGRB1/EPHB3/SLITRK2/LRRTM3,28
GO:0001508,action potential,34/1039,196/21338,0.17346938775510204,3.5625503329339434,8.15388414538065,9.855989494128464e-11,1.251710665754315e-8,1.0447629261770317e-8,ABCC8/KCNQ2/KCNK2/CACNA1I/CHRNA4/FGF12/SLC8A2/KCNIP2/KCNC1/KCNA5/SCN2A/HCN3/ANK3/AKAP6/SCN3A/KCNB1/GJD2/CHRNB2/KCNJ3/GRIK2/HCN1/KCNC2/SCN3B/KCNV2/KCNK9/KCNS3/KCNK3/KCNA3/KCNB2/CTNNA3/SCN5A/KCND2/KCNJ11/KCNMB2,34
GO:0045653,negative regulation of megakaryocyte differentiation,11/1039,20/21338,0.55,11.295380173243505,10.421285351995506,3.880688205605833e-10,4.558838469535452e-8,3.8051169089703514e-8,MYB/H4C8/H4C3/H4C11/H4C15/H4C14/H4C12/H4C5/H4C4/H4C1/H4C2,11
GO:0048704,embryonic skeletal system morphogenesis,22/1039,98/21338,0.22448979591836735,4.610359254385103,8.104445972879827,1.3846441579935252e-9,1.549153071050375e-7,1.2930286046826755e-7,HOXA11/COL11A1/HOXA9/GRHL2/SIX4/EYA1/HOXA2/MDFI/SIX1/HOXD3/MYCN/PDGFRA/TFAP2A/COL2A1/OSR1/MMP16/HOXD4/SOX11/DSCAML1/NOG/PAX5/LHX1,22
GO:0099558,maintenance of synapse structure,13/1039,33/21338,0.3939393939393939,8.090354945022895,9.221919097372089,1.8532801917286198e-9,1.979219004757451e-7,1.651990907746612e-7,OPHN1/RIMS1/CBLN1/RAB3A/RIMS3/CSMD2/C1QL1/ADGRB3/SHANK1/BSN/RIMS2/PCLO/ERC2,13
GO:0099560,synaptic membrane adhesion,13/1039,33/21338,0.3939393939393939,8.090354945022895,9.221919097372089,1.8532801917286198e-9,1.979219004757451e-7,1.651990907746612e-7,CDH10/PTPRS/CDH9/FLRT3/LRRC4/PTPRD/SLITRK5/LRFN5/ELFN2/IL1RAPL1/SLITRK1/SLITRK2/NTNG2,13
GO:0007269,neurotransmitter secretion,28/1039,160/21338,0.175,3.593984600577478,7.451128333462299,3.579235807694582e-9,3.656267187034096e-7,3.0517694781395914e-7,ABCC8/SYT13/RIMS1/CHRNA3/P2RX7/STX1B/HRH3/SLC32A1/RAB3A/CSPG5/RIMS3/SV2C/NPY/GRM4/UNC13A/SYT4/UNC13C/CPLX2/CACNA1B/CPLX1/GPR151/RIMS2/NRXN1/SYN3/PCLO/ERC2/SLC18A3/LRRK2,28
GO:0099643,signal release from synapse,28/1039,160/21338,0.175,3.593984600577478,7.451128333462299,3.579235807694582e-9,3.656267187034096e-7,3.0517694781395914e-7,ABCC8/SYT13/RIMS1/CHRNA3/P2RX7/STX1B/HRH3/SLC32A1/RAB3A/CSPG5/RIMS3/SV2C/NPY/GRM4/UNC13A/SYT4/UNC13C/CPLX2/CACNA1B/CPLX1/GPR151/RIMS2/NRXN1/SYN3/PCLO/ERC2/SLC18A3/LRRK2,28
GO:1990709,presynaptic active zone organization,8/1039,11/21338,0.7272727272727273,14.936039898503807,10.459428844013697,4.454822246368103e-9,4.453874411847599e-7,3.717506761470896e-7,RIMS1/RAB3A/RIMS3/BSN/RIMS2/NRXN1/PCLO/ERC2,8
GO:0048705,skeletal system morphogenesis,35/1039,239/21338,0.14644351464435146,3.007518494207095,7.060975423751826,5.734242154196929e-9,5.613584142202368e-7,4.6854794444161757e-7,HOXA11/COL11A1/HOXA9/GRHL2/P2RX7/SIX4/SMPD3/EYA1/SFRP1/DLX5/HOXA2/SOX6/MDFI/ACVR2B/TCF15/SIX1/HOXD3/MYCN/SOX5/PDGFRA/TFAP2A/COL2A1/OSR1/MMP16/UNCX/HOXD4/HOXD8/SOX11/DSCAML1/NOG/PAX5/RIPPLY2/ACTN3/LHX1/LOC102724560,35
GO:0099504,synaptic vesicle cycle,35/1039,241/21338,0.14522821576763487,2.9825598345041313,7.0026368337487845,7.151259735957624e-9,6.857912142707117e-7,5.724080295634396e-7,SYT13/SLC18A1/OPHN1/RIMS1/P2RX7/RAPGEF4/SLC17A6/STX1B/SLC32A1/RAB3A/ATP6V0A4/SH3GL2/CSPG5/RIMS3/SV2C/NPY/ATP8A1/UNC13A/SYT4/UNC13C/CPLX2/CACNA1B/BSN/CPLX1/RAB3B/GPR151/BRSK2/RIMS2/SLC17A8/NRXN1/SYN3/PCLO/ERC2/LRRK2/DNM3,35
GO:0065004,protein-DNA complex assembly,38/1039,279/21338,0.13620071684587814,2.797161593895426,6.836085547754913,9.959223291233373e-9,8.999690431828003e-7,7.51175424759829e-7,MACROH2A2/CENPF/H2BC11/H4C8/CENPV/H1-4/H2BC4/H3C13/H1-5/H2BC13/H1-6/H1-2/H4C3/H3C12/H4C11/H3C14/H3C15/H2BC15/H4C15/H4C14/H4C12/H2BC8/H3C8/H2BC17/H3C6/H3C11/H2BC9/H3C1/H2BC3/H4C5/H4C4/H2BC7/H3C7/H4C1/H4C2/H3C10/H3C2/H3C3,38
GO:0031644,regulation of nervous system process,25/1039,141/21338,0.1773049645390071,3.6413217837664424,7.119193547793374,1.859683692168757e-8,1.5888461217274527e-6,1.3261591267025434e-6,PRKCZ/RIMS1/STX1B/SOX10/SLC8A3/NTSR1/CELF4/CBLN1/NMU/CUX2/FGF12/TNR/SLC8A2/MYRF/ZFHX2/SHANK1/GRIK2/NETO1/TAC4/RIMS2/NRXN1/LRRK2/RELN/ZNF488/GRIN2B,25
GO:0050767,regulation of neurogenesis,48/1039,413/21338,0.1162227602905569,2.3868732041192526,6.438966718011706,2.260789946310265e-8,1.8970449924485602e-6,1.5834028834496334e-6,SOX8/ABCC8/FSTL4/ASPM/SIRT2/MAP2/DCT/DLL3/SOX10/PTPRS/CUX2/OPRM1/TNR/MYB/BCL11A/MYRF/NKX2-2/BMP2/SYT4/EPHB2/MYCN/ASCL1/SEMA6C/HES6/VAX1/DRD2/POU4F1/PTPRD/GRM5/IL1RAPL1/CHD7/OTP/DSCAM/NEGR1/DAB1/SOX11/SLITRK1/HES7/NOG/MAPT/SLIT1/DCC/RELN/HES5/DLL1/L1CAM/OLIG2/ZNF488,48
GO:0071824,protein-DNA complex organization,39/1039,300/21338,0.13,2.669817131857555,6.589681815139386,2.3545310209603295e-8,1.9410423276302785e-6,1.6201260543117615e-6,MACROH2A2/CENPF/H2BC11/H4C8/CENPV/H1-4/H2BC4/H2AC25/H3C13/H1-5/H2BC13/H1-6/H1-2/H4C3/H3C12/H4C11/H3C14/H3C15/H2BC15/H4C15/H4C14/H4C12/H2BC8/H3C8/H2BC17/H3C6/H3C11/H2BC9/H3C1/H2BC3/H4C5/H4C4/H2BC7/H3C7/H4C1/H4C2/H3C10/H3C2/H3C3,39
GO:0043583,ear development,35/1039,256/21338,0.13671875,2.807800469201155,6.5834221379220015,3.438110600363545e-8,2.7854623639841894e-6,2.3249364967249672e-6,DLX6/USH1C/COL11A1/KCNK2/SIX4/FGF9/EYA1/DLX5/HOXA2/HOXA13/NECTIN1/MYCL/BMP2/TCF15/SIX1/ATP8A2/EPHB2/MYCN/TFAP2A/COL2A1/LGR5/OSR1/PCDH15/ZIC3/NEUROD1/BMPER/OTOGL/GABRB3/GBX2/KCNK3/CHD7/SLC17A8/NOG/HES5/DLL1,35
GO:0010975,regulation of neuron projection development,52/1039,477/21338,0.1090146750524109,2.2388403621447006,6.190761956008427,4.980287469905407e-8,3.836454232964837e-6,3.202165852091035e-6,HECW1/CNTN1/LRRC7/FSTL4/SEZ6/KIF26A/CRMP1/PAK3/MAP2/CHRNA3/STX1B/SFRP1/STMN2/PTPRS/CUX2/TNR/TRIM67/BCL11A/RAP2A/ACAP3/ATP8A2/EPHB2/ADGRB3/AVIL/MDM2/ACP4/SEMA6C/GRID2/PTPRD/CHRNB2/CSMD3/IL1RAPL1/ZNF804A/DSCAM/NEGR1/FUT9/DAB1/BRSK2/CDK5R1/SLITRK1/EPHB3/MAPT/SLIT1/DCC/LRRK2/RELN/NTNG2/L1CAM/NEU4/GPC2/SKOR2/SRCIN1,52
GO:0030534,adult behavior,27/1039,176/21338,0.1534090909090909,3.1505709160906465,6.481400789228985,1.1818608138660377e-7,8.957361232833084e-6,7.476423416748484e-6,NRXN3/SEZ6/CHRNA3/SEZ6L/NTSR1/CHRNA4/SLC1A1/OPRM1/GABRG2/FGF12/OPRD1/NPY/ZFHX2/DRD2/CHRNB2/SHANK1/SHANK2/GRM2/SLITRK5/GDNF/CHD7/DAB1/SPTBN2/CNTNAP2/SLITRK1/NRXN1/PAX5,27
GO:0048483,autonomic nervous system development,13/1039,46/21338,0.2826086956521739,5.803950286646859,7.37914972140598,1.8226163744531728e-7,1.2782797527694715e-5,1.0669392947702315e-5,SOX8/TFAP2B/KIF26A/SOX10/SOX4/SIX1/TFAP2A/ASCL1/HAND2/GBX2/GDNF/INSM1/SOX11,13
GO:0048709,oligodendrocyte differentiation,20/1039,112/21338,0.17857142857142858,3.6673312250790597,6.403081225480595,4.2953891997494103e-7,2.6557939275819053e-5,2.2167063931116768e-5,SOX8/CNTN1/SOX10/SLC8A3/FA2H/SOX6/B4GALT6/NEUROD4/PLP1/MYRF/NKX2-2/NKX2-1/ASCL1/GPR17/PRDM8/SOX11/OLIG1/HES5/OLIG2/ZNF488,20
GO:0061326,renal tubule development,20/1039,113/21338,0.17699115044247787,3.6348769664500415,6.353497214584999,4.983461603605064e-7,3.041205983810415e-5,2.5383975304213904e-5,HOXA11/SOX8/PROM1/TFAP2B/SIX4/EYA1/BMP2/SIX1/LGR5/GREB1L/OSR1/GDNF/IRX2/MTSS1/NOG/PTCH1/HES5/DLL1/CD24/LHX1,20
GO:0060993,kidney morphogenesis,19/1039,105/21338,0.18095238095238095,3.7162289747467803,6.3123704469653985,6.720770585193765e-7,3.715196415143774e-5,3.100955823260426e-5,HOXA11/SOX8/SIX4/EYA1/SOX4/BMP2/SIX1/FRAS1/GREB1L/OSR1/GDNF/IRX2/BASP1/ERBB4/NOG/PTCH1/LRRK2/HES5/LHX1,19
GO:0015837,amine transport,19/1039,106/21338,0.1792452830188679,3.6811702108340745,6.260643810552779,7.819560551390292e-7,4.223461497814136e-5,3.525188459102266e-5,SLC18A1/SLC44A1/CHRNA3/P2RX7/CHGA/NTSR1/CHRNA4/SYT4/RHCG/DRD2/KCNB1/CHRNB2/GRM2/NPY5R/GDNF/RAB3B/SLC17A8/SLC18A3/GRM7,19
GO:0009953,dorsal/ventral pattern formation,18/1039,98/21338,0.1836734693877551,3.7721121172241756,6.222769342835163,1.0473826588947443e-6,5.4928401439391135e-5,4.584698284364454e-5,HOXA11/TLL1/SFRP1/HOXA2/GLI1/MDFI/VAX2/NKX2-2/NKX2-1/ASCL1/FOXN4/TBX20/CXXC4/DDIT3/DSCAML1/NOG/PTCH1/LHX1,18
GO:0035418,protein localization to synapse,18/1039,98/21338,0.1836734693877551,3.7721121172241756,6.222769342835163,1.0473826588947443e-6,5.4928401439391135e-5,4.584698284364454e-5,CACNA2D2/LRRC7/KIF2C/GRIP2/KIF5A/LHFPL4/SHANK1/LRRTM1/BSN/NETO1/CACNG2/KIF5C/CPLX1/ERBB4/NRXN1/PCLO/MAPT/RELN,18
GO:0035725,sodium ion transmembrane transport,26/1039,194/21338,0.13402061855670103,2.752388795729438,5.547213589779975,2.826650119552153e-6,1.3553498889566903e-4,1.131267276632795e-4,SLC6A15/ASIC4/P2RX7/SLC17A6/SLC8A3/NALCN/ATP1A3/SLC38A1/FGF12/SLC8A2/SCN2A/FXYD6/FXYD2/HCN3/OSR1/SLC5A12/SCN3A/HCN1/WNK2/SCN3B/KCNK9/KCNK3/NPPA/SLC17A8/SCN5A/FXYD7,26
GO:0042551,neuron maturation,13/1039,58/21338,0.22413793103448276,4.603132985961302,6.216495263909639,3.2815653983823758e-6,1.4970947385435713e-4,1.2495771767371216e-4,NTN4/ACTL6B/B4GALT6/BCL11A/KCNIP2/C1QL1/ADGRB3/SRRM4/KCNB1/FEV/RAC3/CNTNAP2/LRRK2,13
GO:0051588,regulation of neurotransmitter transport,19/1039,117/21338,0.1623931623931624,3.335077285029162,5.7299178821767045,3.647998802621485e-6,1.6461416572216754e-4,1.373981880760288e-4,SYT13/RIMS1/CHRNA3/STX1B/RAB3A/CSPG5/RIMS3/SV2C/NPY/SYT4/CACNA1B/DRD2/GDNF/RAB3B/GPR151/RIMS2/SLC17A8/SLC18A3/LRRK2,19
GO:2000177,regulation of neural precursor cell proliferation,17/1039,99/21338,0.1717171717171717,3.526564976035621,5.700568477678061,5.4072823603103735e-6,2.2496856623779892e-4,1.8777407909903316e-4,ASPM/SIRT2/LIMS2/DCT/LHX5/SOX10/PTBP2/ASCL1/VAX1/DRD2/OTP/INSM1/TAFA1/LRRK2/DISP3/TRIM71/SKOR2,17
GO:0006814,sodium ion transport,31/1039,264/21338,0.11742424242424243,2.411548108612594,5.221091335175851,5.550720392609067e-6,2.2879679934096497e-4,1.909693830365779e-4,CNTN1/SLC6A15/ASIC4/NKAIN1/P2RX7/SLC17A6/SLC8A3/NKAIN4/NALCN/ATP1A3/SLC38A1/FGF12/SLC8A2/SCN2A/FXYD6/FXYD2/HCN3/OSR1/SLC5A12/DRD2/ANK3/SCN3A/HCN1/WNK2/SCN3B/KCNK9/KCNK3/NPPA/SLC17A8/SCN5A/FXYD7,31
GO:0007626,locomotory behavior,28/1039,229/21338,0.1222707423580786,2.5110809436349193,5.201262475890505,7.2339295259389705e-6,2.8564903228896823e-4,2.3842212661343308e-4,CNTN1/SEZ6/CHRNA3/SEZ6L/NTSR1/PAK5/SLC1A1/FGF12/TNR/OPRD1/GAD1/C1QL1/NKX2-1/DRD2/CHRNB2/ELAVL4/LRRTM1/GDNF/GRM5/CHD7/DSCAM/NEGR1/ADCY5/DAB1/TH/KCND2/LRRK2/RELN,28
GO:0099505,regulation of presynaptic membrane potential,10/1039,37/21338,0.2702702702702703,5.550555367687226,6.267616271213185,7.5034315663628295e-6,2.9334704154127943e-4,2.448474091425516e-4,KCNC1/GRIA4/KCNJ9/KCNJ3/GRIK3/GRIK2/KCNC2/KCTD16/KCNJ11/GRIN2B,10
GO:0060560,developmental growth involved in morphogenesis,31/1039,268/21338,0.11567164179104478,2.3755548532601667,5.126844831419418,7.553733140347907e-6,2.9334704154127943e-4,2.448474091425516e-4,FSTL4/PRKCZ/MAP2/RIMS1/SEMA5B/SIX4/SFRP1/PTPRS/SH3GL2/WASF1/TNR/BCL11A/FLRT3/FLRT1/SIX1/UNC13A/SYT4/ST8SIA2/NKD1/SEMA6C/GAREM2/CLASP2/ALCAM/DSCAM/RIMS2/SLITRK1/MAPT/SLIT1/DCC/L1CAM/LHX1,31
GO:0017157,regulation of exocytosis,26/1039,205/21338,0.12682926829268293,2.6046996408366394,5.22308676140032,7.848208195613454e-6,3.022846746818657e-4,2.5230736615061033e-4,CFTR/SYT13/RIMS1/RAPGEF4/SMPD3/RAB3A/CSPG5/RIMS3/SV2C/NPY/SYT4/SYT6/CPLX2/CACNA1B/RAB3C/KCNB1/CLASP2/LGI3/CPLX1/RAB3B/IL1RAPL1/GPR151/RIMS2/PCLO/LRRK2/KLRC2,26
GO:0048638,regulation of developmental growth,37/1039,350/21338,0.10571428571428572,2.1710600852468036,4.997638097511115,8.49674381638725e-6,3.168745967714578e-4,2.6448510826949787e-4,CACNA2D2/FSTL4/MAP2/RIMS1/KCNK2/SIX4/FGF9/PTPRS/GLI1/TNR/BCL11A/SIX1/UNC13A/SYT4/ATP8A2/SEMA6C/DRD2/AKAP6/CLASP2/TBX20/IGF2/ZFPM2/CHD7/DSCAM/RIMS2/BASP1/ERBB4/PLCB1/NOG/PTCH1/MAPT/SLIT1/DCC/MYH6/DLL1/L1CAM/ACTN3,37
GO:0051961,negative regulation of nervous system development,23/1039,170/21338,0.13529411764705881,2.77854271641284,5.267274819872944,8.888627833771708e-6,3.2630986086635357e-4,2.723604219459983e-4,ABCC8/FSTL4/SIRT2/MAP2/DLL3/SOX10/CBLN1/PTPRS/TNR/BCL11A/SYT4/EPHB2/MYCN/SEMA6C/VAX1/ELAPOR2/NEGR1/DAB1/SOX11/NOG/SLIT1/DCC/HES5,23
GO:0071625,vocalization behavior,8/1039,24/21338,0.3333333333333333,6.8456849534809106,6.4825470357064905,1.1251323584996866e-5,4.0358755363282655e-4,3.3686164465808216e-4,NRXN3/NTSR1/FOXP2/SHANK1/SHANK2/CNTNAP2/SLITRK1/NRXN1,8
GO:0061351,neural precursor cell proliferation,23/1039,173/21338,0.1329479768786127,2.730359894740941,5.169963613166454,1.1900847708752387e-5,4.1732898047333936e-4,3.483311748846143e-4,ASPM/SIRT2/LIMS2/DCT/LHX5/SOX10/PTBP2/KIF14/NEUROD4/SOX5/ASCL1/NFIB/VAX1/DRD2/EPHB1/GBX2/OTP/INSM1/TAFA1/LRRK2/DISP3/TRIM71/SKOR2,23
GO:0050905,neuromuscular process,26/1039,213/21338,0.12206572769953052,2.506870546345122,5.000397364966945,1.562816097752242e-5,5.132107266562503e-4,4.2836060696479415e-4,ABCC8/USH1C/REM1/JPH4/SLC8A3/FGF12/TNR/TCF15/ATP8A2/ASCL1/IGLON5/DRD2/PCDH15/POU4F1/GRID2/JPH3/SHANK1/CCDC78/RAC3/ADCY5/CNTNAP2/DDIT3/NRXN1/CSMD1/GRIN3A/ACTN3,26
GO:0048857,neural nucleus development,14/1039,76/21338,0.18421052631578946,3.783141684818398,5.498917270361439,1.572724933783785e-5,5.132107266562503e-4,4.2836060696479415e-4,SIRT2/FGF9/PLP1/FOXP2/KCNC1/NKX2-1/ASCL1/NFIB/INA/CHRNB2/KCNC2/CDK5R1/BASP1/MBP,14
GO:0002028,regulation of sodium ion transport,14/1039,77/21338,0.18181818181818182,3.734009974625952,5.437393255131838,1.8370794497300464e-5,5.793581432403683e-4,4.835717435319077e-4,CNTN1/NKAIN1/P2RX7/NKAIN4/FGF12/FXYD6/FXYD2/OSR1/DRD2/ANK3/WNK2/SCN3B/SCN5A/FXYD7,14
GO:0060047,heart contraction,31/1039,282/21338,0.1099290780141844,2.2576195059351942,4.809755650711329,2.0928188017842923e-5,6.512685794426748e-4,5.435930885638393e-4,JPH4/CHGA/SLC8A3/SGCG/ATP1A3/SLC1A1/NMU/GLP1R/FGF12/SLC8A2/KCNIP2/KCNA5/MDM2/SCN2A/FOXN4/HCN3/DRD2/SCN3A/JPH3/KCNJ3/HCN1/SCN3B/SGCD/NPPA/TH/CHRM2/CTNNA3/SCN5A/KCND2/SGCZ/MYH6,31
GO:0021700,developmental maturation,39/1039,393/21338,0.09923664122137404,2.0380283449294314,4.698967444894298,2.129619709948983e-5,6.583607248059389e-4,5.495126758497168e-4,CFTR/SOX8/SEZ6/SIRT2/LNX1/NTN4/ACTL6B/IGSF9/SEZ6L/SOX10/REC8/FERMT1/XYLT1/RAB3A/ATP6V0A4/KIF14/B4GALT6/BCL11A/KCNIP2/BMP2/C1QL1/BCAN/ADGRB3/ASCL1/SRRM4/KCNB1/SHANK1/FEV/RAC3/NEUROD2/DAB1/CNTNAP2/DDIT3/CDK5R1/NRXN1/LRRK2/RELN/HES5/ACTN3,39
GO:1990138,neuron projection extension,24/1039,193/21338,0.12435233160621761,2.553830656220858,4.9058653712733715,2.4085731833601136e-5,7.397310711509264e-4,6.174299058272985e-4,PRKCZ/MAP2/RIMS1/SEMA5B/PTPRS/SH3GL2/WASF1/TNR/BCL11A/FLRT3/FLRT1/UNC13A/SYT4/ST8SIA2/SEMA6C/GAREM2/CLASP2/ALCAM/DSCAM/RIMS2/SLITRK1/MAPT/SLIT1/L1CAM,24
GO:0019228,neuronal action potential,10/1039,42/21338,0.23809523809523808,4.8897749667720785,5.708700169914634,2.539266102928789e-5,7.655990047182104e-4,6.390210440250563e-4,KCNK2/CACNA1I/FGF12/SCN2A/ANK3/GJD2/GRIK2/HCN1/KCND2/KCNMB2,10
GO:0060021,roof of mouth development,16/1039,100/21338,0.16,3.2859287776708372,5.183737694217734,2.5416779045763103e-5,7.655990047182104e-4,6.390210440250563e-4,DLX6/DLX5/ACVR2B/EPHB2/PDGFRA/TFAP2A/FRAS1/COL2A1/OSR1/VAX1/HAND2/GABRB3/CHD7/SOX11/EPHB3/COL11A2,16
GO:0097475,motor neuron migration,6/1039,14/21338,0.42857142857142855,8.801594940189743,6.606177058415083,2.8152921263134526e-5,8.115986319967431e-4,6.77415464168158e-4,NEUROD4/ASCL1/TBX20/DAB1/RELN/LHX1,6
GO:0003231,cardiac ventricle development,19/1039,135/21338,0.14074074074074075,2.89040031369194,4.984930857182612,3.0028166225330112e-5,8.500141752579892e-4,7.094796915382373e-4,COL11A1/KCNK2/GRHL2/HOXA13/SOX4/MDM2/GREB1L/ADAMTS19/POU4F1/HAND2/NPY5R/TBX20/ZFPM2/CHD7/SOX11/NOG/SCN5A/PDE2A/MYH6,19
GO:0035108,limb morphogenesis,22/1039,172/21338,0.12790697674418605,2.6268325984287215,4.84646213924322,3.3566576371830346e-5,9.170310602978534e-4,7.654165456636467e-4,HOXA11/DLX6/TFAP2B/HOXA9/GRHL2/FGF9/DLX5/HOXA13/MYCN/TFAP2A/FRAS1/COL2A1/ARK2C/OSR1/ZIC3/HAND2/CHD7/EVX2/NOG/PTCH1/SP9/SALL3,22
GO:0007213,G protein-coupled acetylcholine receptor signaling pathway,7/1039,21/21338,0.3333333333333333,6.8456849534809106,6.063440792931761,4.051035682306992e-5,0.001081580492679577,9.02760702887312e-4,HRH3/OPRM1/RGS8/CHRM1/CDK5R1/CHRM2/PLCB1,7
GO:0017156,calcium-ion regulated exocytosis,13/1039,73/21338,0.1780821917808219,3.6572837422706237,5.145218204709303,4.5588127075289207e-5,0.0011579384277123459,9.664942331865014e-4,SYT13/RIMS1/RAPGEF4/STX1B/RAB3A/RIMS3/UNC13A/SYT4/SYT6/UNC13C/CACNA1B/KCNB1/RIMS2,13
GO:0015800,acidic amino acid transport,15/1039,94/21338,0.1595744680851064,3.2771896053897978,5.005899239890885,4.6592583052710195e-5,0.0011644708891566926,9.719466701757009e-4,ABCC8/SLC7A14/KCNK2/P2RX7/SLC17A6/NTSR1/SLC32A1/SLC1A6/SLC1A1/SYT4/SLC1A7/GRM2/NPY5R/SLC17A8/GRM7,15
GO:0099538,synaptic signaling via neuropeptide,5/1039,10/21338,0.5,10.268527430221367,6.632431971370993,5.564327689236124e-5,0.0013477719490577603,0.0011249422121591861,NPY/SYT4/GRID2/NPY5R/NPPA,5
GO:0045165,cell fate commitment,35/1039,353/21338,0.09915014164305949,2.0362518983441804,4.441557979244311,5.6381781554432664e-5,0.0013586563667911749,0.0011340270881069698,HOXA11/SOX8/TBX21/EYA1/SFRP1/HOXA2/HOXA13/SOX6/ONECUT2/NEUROD4/NKX2-2/BMP2/SIX1/BCL11B/MNX1/SOX5/NKX2-1/LBX1/ASCL1/FOXN4/NFIB/POU4F1/NEUROD1/FEV/TBX20/GSX1/DSCAML1/ERBB4/OLIG1/PTCH1/MYT1L/HES5/DLL1/OLIG2/EPOP,35
GO:0048588,developmental cell growth,28/1039,261/21338,0.10727969348659004,2.2032089505455805,4.424804024210149,7.928183466847088e-5,0.0018262026524860035,0.0015242730442452143,FSTL4/PRKCZ/MAP2/RIMS1/SEMA5B/PTPRS/SH3GL2/WASF1/TNR/BCL11A/FLRT3/FLRT1/UNC13A/SYT4/ST8SIA2/SEMA6C/AKAP6/GAREM2/CLASP2/ALCAM/DSCAM/NPPA/RIMS2/SLITRK1/MAPT/SLIT1/DCC/L1CAM,28
GO:0007631,feeding behavior,16/1039,110/21338,0.14545454545454545,2.987207979700761,4.727398968761705,8.36221071641199e-5,0.0019010294868891018,0.001586728613736135,NMU/OPRD1/PRLHR/NPY/CNTFR/ATP8A2/DRD2/POU4F1/HAND2/NPY5R/NEGR1/RXFP4/TH/NPSR1/MMP17/DACH1,16
GO:0035176,social behavior,12/1039,67/21338,0.1791044776119403,3.678278482467355,4.967482094132711,8.374401016940712e-5,0.0019010294868891018,0.001586728613736135,NRXN3/GAD1/GAREM2/CHRNB2/SHANK1/SHANK2/BRINP3/GABRB3/DSCAM/NEGR1/CNTNAP2/NRXN1,12
GO:0007605,sensory perception of sound,22/1039,183/21338,0.12021857923497267,2.4689355569931157,4.515011949943247,8.63247372514931e-5,0.0019461013084138639,0.0016243486240409622,USH1C/COL11A1/COCH/EYA1/ATP6V0A4/SIX1/TFAP2A/COL2A1/SRRM4/TMC2/PCDH15/LHFPL4/CHRNB2/OTOGL/TUB/CHD7/DDIT3/SLC17A8/LHFPL3/GRM7/MBP/COL11A2,22
GO:1902692,regulation of neuroblast proliferation,10/1039,48/21338,0.20833333333333334,4.278553095925569,5.1446062380625674,8.655781516460897e-5,0.0019461013084138639,0.0016243486240409622,ASPM/DCT/LHX5/SOX10/VAX1/DRD2/OTP/TAFA1/LRRK2/SKOR2,10
GO:0060537,muscle tissue development,43/1039,481/21338,0.0893970893970894,1.8359529293119285,4.195324634193654,9.750510645621911e-5,0.002150047988453383,0.0017945764059491506,SOX8/TFAP2B/COL11A1/ERBB3/SIRT2/COL19A1/KCNK2/SIX4/FGF9/SGCG/EYA1/SOX6/GLI1/CENPF/BMP2/SIX1/FOXP2/FHOD3/PDGFRA/GREB1L/OSR1/VAX1/AKAP6/POU4F1/EPHB1/ZIC3/TBX20/IGF2/ZFPM2/SGCD/CHD7/NPPA/SOX11/ERBB4/NOG/SCN5A/SGCZ/PTCH1/KCNJ11/PAX5/MYH6/DLL1/ACTN3,43
GO:0007517,muscle organ development,37/1039,393/21338,0.09414758269720101,1.933514070830486,4.2258501413864735,1.0363683860430588e-4,0.0022443749077755933,0.001873308073693588,SOX8/ETV1/COL11A1/ERBB3/SIRT2/COL19A1/SIX4/SGCG/SGCA/SOX6/CENPF/CNTFR/BMP2/TCF15/SIX1/FOXP2/LBX1/VAX1/POU4F1/EPHB1/TBX20/IGF2/ZFPM2/SGCD/CAVIN4/CHD7/NEGR1/KY/BASP1/SOX11/ADGRB1/NOG/H1-5/PAX5/MYH6/DLL1/ACTN3,37
GO:0060004,reflex,7/1039,24/21338,0.2916666666666667,5.989974334295797,5.533610447100589,1.0605128299929184e-4,0.0022859402697874877,0.0019080013542026144,SLC1A1/FOXP2/ASCL1/TMC2/SHANK1/CACNG2/NPSR1,7
GO:0051703,biological process involved in intraspecies interaction between organisms,12/1039,69/21338,0.17391304347826086,3.571661714859606,4.840631022586596,1.1256171455940055e-4,0.0023933370892064397,0.0019976420502420887,NRXN3/GAD1/GAREM2/CHRNB2/SHANK1/SHANK2/BRINP3/GABRB3/DSCAM/NEGR1/CNTNAP2/NRXN1,12
GO:0106027,neuron projection organization,15/1039,102/21338,0.14705882352941177,3.020155126535696,4.626851682875948,1.2166338163394052e-4,0.0025752082445850743,0.0021494440965768727,PAK3/ATP1A3/CUX2/EPHB2/PTPRD/EPHB1/SHANK1/IL1RAPL1/ZNF804A/CDK5R1/EPHB3/LRRK2/RELN/GRIN2B/SRCIN1,15
GO:0098743,cell aggregation,7/1039,25/21338,0.28,5.750375360923965,5.37666242607482,1.411328919518983e-4,0.002960640443223081,0.0024711520461126557,COL11A1/SOX6/MYCN/SOX5/COL2A1/MPZ/UNCX,7
GO:0099072,regulation of postsynaptic membrane neurotransmitter receptor levels,17/1039,128/21338,0.1328125,2.7275775986525503,4.435160544719527,1.601912485391177e-4,0.0033014854249355883,0.0027556444693294215,CACNA2D2/LRRC7/CACNG4/OPHN1/RAP2A/MDM2/KIF2C/GRIP2/GRID2/LHFPL4/SST/NETO1/CACNG2/CPLX1/NSG2/ERBB4/FRRS1L,17
GO:0007548,sex differentiation,31/1039,317/21338,0.09779179810725552,2.0083555226300467,4.092170844371054,1.8768895877718398e-4,0.0038179671744328464,0.003186735294617397,HOXA11/SOX8/ASPM/HOXA9/SIX4/REC8/FGF9/SFRP1/HOXA13/CCND1/CNTFR/DACH2/VGF/PDGFRA/NKX2-1/BRIP1/GREB1L/NUP210L/OSR1/GFRA1/ADAM29/NR0B1/ZFPM2/CHD7/DMRT2/CBX2/BASP1/NHLH2/CSMD1/LHX1/DACH1,31
GO:0006688,glycosphingolipid biosynthetic process,9/1039,44/21338,0.20454545454545456,4.200761221454195,4.808261962099136,2.2558470875898637e-4,0.004472668972398637,0.003733193981061441,FA2H/B4GALT6/GAL3ST1/B4GALNT1/ST8SIA2/B3GALT2/FUT9/UGT8/ST8SIA3,9
GO:0032291,axon ensheathment in central nervous system,7/1039,27/21338,0.25925925925925924,5.324421630485153,5.086805464247795,2.3939504926488527e-4,0.004706767098308351,0.00392858821211611,CNTN1/SOX10/FA2H/B4GALT6/PLP1/MYRF/HES5,7
GO:0060081,membrane hyperpolarization,5/1039,13/21338,0.38461538461538464,7.898867254016437,5.6291403284778125,2.513416973749223e-4,0.00484038785231459,0.004040117189037794,CFTR/KCNA5/HCN1/KCNC2/CACNG2,5
GO:0086015,SA node cell action potential,5/1039,13/21338,0.38461538461538464,7.898867254016437,5.6291403284778125,2.513416973749223e-4,0.00484038785231459,0.004040117189037794,KCNA5/HCN3/HCN1/SCN3B/SCN5A,5
GO:0061053,somite development,13/1039,87/21338,0.14942528735632185,3.068755323974202,4.374376905605298,2.8825421820210915e-4,0.005353780914354588,0.004468629985525521,DLL3/SIX4/SFRP1/TCF15/SIX1/NKD1/DMRT2/HES7/NOG/PTCH1/DLL1/RIPPLY2/LHX1,13
GO:0008016,regulation of heart contraction,25/1039,241/21338,0.1037344398340249,2.1303998817886654,3.9927066569763516,3.1432599274093206e-4,0.005769600937068905,0.004815701681548984,JPH4/CHGA/SLC8A3/ATP1A3/SLC1A1/NMU/GLP1R/SLC8A2/KCNIP2/KCNA5/MDM2/FOXN4/HCN3/DRD2/JPH3/KCNJ3/HCN1/SCN3B/NPPA/TH/CHRM2/CTNNA3/SCN5A/KCND2/MYH6,25
GO:0030073,insulin secretion,25/1039,242/21338,0.10330578512396695,2.121596576492018,3.9699170296488364,3.347289537821549e-4,0.006072939590047667,0.005068888769730987,CFTR/ABCC8/TFAP2B/GIPR/NR1H4/RAPGEF4/CHGA/RAB3A/ACVR2B/SOX4/VGF/KCNA5/DRD2/G6PC2/KCNB1/NEUROD1/CPLX1/GPR27/ADCY5/BRSK2/RIMS2/PLCB1/PCLO/KCNJ11/TUNAR,25
GO:0034765,regulation of monoatomic ion transmembrane transport,31/1039,329/21338,0.09422492401215805,1.9351024336587377,3.8671549721730627,3.601045257515163e-4,0.006508196794255288,0.005432184060526923,CFTR/REM1/P2RX7/JPH4/NTSR1/P2RX3/FGF12/KCNIP3/KCNIP2/KCNC1/FXYD6/FXYD2/TRPC3/OSR1/TMC2/ANK3/AKAP6/JPH3/KCNJ9/KCNJ3/WNK2/KCNC2/KCNS3/CHD7/NPPA/DPP10/SCN5A/NPSR1/KCNJ11/FXYD7/GRIN2B,31
GO:0001763,morphogenesis of a branching structure,25/1039,245/21338,0.10204081632653061,2.09561784290232,3.9022051062624925,4.031063676846656e-4,0.007015543784260163,0.005855650393735144,HOXA11/SOX8/NTN4/GRHL2/SOX10/SIX4/EYA1/SFRP1/HOXA13/BCL11A/BMP2/SIX1/MYCN/NKX2-1/GREB1L/DRD2/TBX20/GBX2/GDNF/SEMA3E/CSMD1/NOG/PTCH1/LRRK2/LHX1,25
GO:0014047,glutamate secretion,8/1039,38/21338,0.21052631578947367,4.323590496935312,4.639237814765738,4.078047982390568e-4,0.007071124527399733,0.0059020418653669676,ABCC8/KCNK2/P2RX7/NTSR1/SYT4/GRM2/NPY5R/GRM7,8
GO:0071772,response to BMP,22/1039,204/21338,0.10784313725490197,2.2147804261261776,3.9442019933462076,4.126385762095689e-4,0.0070891287618055805,0.00591706942495886,TFAP2B/FSTL4/BAMBI/SMPD3/SFRP1/DLX5/HOXA13/ACVR2B/BMP8B/BMP2/COL2A1/ARK2C/GDF6/TBX20/BMPER/ELAPOR2/VSTM2A/VWC2L/SOX11/NOG/HES5/SKOR2,22
GO:0071773,cellular response to BMP stimulus,22/1039,204/21338,0.10784313725490197,2.2147804261261776,3.9442019933462076,4.126385762095689e-4,0.0070891287618055805,0.00591706942495886,TFAP2B/FSTL4/BAMBI/SMPD3/SFRP1/DLX5/HOXA13/ACVR2B/BMP8B/BMP2/COL2A1/ARK2C/GDF6/TBX20/BMPER/ELAPOR2/VSTM2A/VWC2L/SOX11/NOG/HES5/SKOR2,22
GO:0001504,neurotransmitter uptake,10/1039,58/21338,0.1724137931034483,3.5408715276625404,4.38377264437907,4.4438453384953335e-4,0.007484454926734613,0.00624703555224811,SLC18A1/SLC1A6/SLC38A1/SLC22A3/DRD2/SLC1A7/GDNF/RAB3B/SLC17A8/SLC18A3,10
GO:0035640,exploration behavior,9/1039,48/21338,0.1875,3.8506977863330123,4.473228642423338,4.481810832024119e-4,0.007521438964171906,0.006277904947414236,TNR/GAD1/JPH3/BRINP3/LRRTM1/GABRB3/HTR1A/NOG/LRRK2,9
GO:0097479,synaptic vesicle localization,11/1039,69/21338,0.15942028985507245,3.274023238621305,4.2803870242140585,4.714893921563348e-4,0.007828723158101122,0.006534385252648331,MAP2/RAB3A/KIF5A/BSN/KIF5C/BRSK2/NRXN1/SYN3/PCLO/LRRK2/DNM3,11
GO:0032253,dense core granule localization,6/1039,22/21338,0.2727272727272727,5.601014961938927,4.884827824703829,5.000988183278335e-4,0.008159598428203088,0.006810556275911943,MAP2/RAB3A/UNC13A/SYT4/UNC13C/KIF5A,6
GO:0032200,telomere organization,23/1039,223/21338,0.1031390134529148,2.1181715775344525,3.79754097118064,5.813634904802831e-4,0.009308183437655137,0.007769243509526786,NEK2/DNA2/H4C8/EXO1/AURKB/H4C3/H3C12/H4C11/H4C15/H4C14/H4C12/H3C8/H3C6/H3C11/H3C1/H4C5/H4C4/H3C7/H4C1/H4C2/H3C10/H3C2/H3C3,23
GO:0001755,neural crest cell migration,10/1039,60/21338,0.16666666666666666,3.4228424767404553,4.251797111250428,5.880635754076997e-4,0.009308183437655137,0.007769243509526786,SOX8/SEMA5B/SOX10/SEMA6C/SEMA3D/HAND2/GBX2/GDNF/SEMA3E/ERBB4,10
GO:0034332,adherens junction organization,11/1039,71/21338,0.15492957746478872,3.181797231899578,4.1660797172286586,6.058808344551155e-4,0.009521852980282903,0.007947586654390989,CDH10/CAMSAP3/CDH7/CDH9/CDH13/CDH18/CDH22/CDH8/CDH12/INAVA/MTSS1,11
GO:0051899,membrane depolarization,14/1039,106/21338,0.1320754716981132,2.7124412079830025,3.9986213506225545,6.248598452550093e-4,0.009787388042844295,0.008169220292702334,CHRNA3/P2RX7/NTSR1/CHRNA4/HCN3/ANK3/SCN3A/CHRNB2/HCN1/SCN3B/CACNG2/SCN5A/LRRK2/MLLT11,14
GO:0001662,behavioral fear response,9/1039,51/21338,0.17647058823529413,3.6241861518428355,4.244823411448246,7.134305232781888e-4,0.010849223394447279,0.009055500356786005,ASIC4/NTSR1/SLC1A1/EPHB2/GRIK2/NEUROD2/HTR1A/SLITRK4/KCTD16,9
GO:0140014,mitotic nuclear division,29/1039,313/21338,0.0926517571884984,1.902794220296611,3.6402404164780577,7.192463702874626e-4,0.01090238288380899,0.009099870885198934,SIRT2/MYBL2/SMPD3/HOXA13/TTK/NEK2/CENPF/KIF14/NCAPH/PKMYT1/USP44/KNL1/KIF2C/NFIB/CDC25C/NPM2/CLASP2/KIF15/MAD2L1/IGF2/DCTN2/HASPIN/AURKB/CEP97/KIF18B/PRC1/CDC14C/KIFC1/PDXP,29
GO:0031345,negative regulation of cell projection organization,21/1039,199/21338,0.10552763819095477,2.16722689482059,3.7426286282273304,7.346252138050639e-4,0.011064114998942292,0.009234863517670945,FSTL4/CRMP1/MAP2/STX1B/STMN2/PTPRS/TNR/BCL11A/RAB3IP/EPHB2/MDM2/ACP4/SEMA6C/DAB1/NRXN1/CEP97/SLIT1/DCC/LRRK2/NEU4/GRIN2B,21
GO:0048738,cardiac muscle tissue development,26/1039,270/21338,0.0962962962962963,1.9776423198944857,3.657525399598428,7.528653137352372e-4,0.011203414931699487,0.00935113272376257,COL11A1/ERBB3/KCNK2/FGF9/SGCG/SOX6/GLI1/BMP2/FHOD3/PDGFRA/GREB1L/AKAP6/POU4F1/ZIC3/TBX20/ZFPM2/SGCD/CHD7/NPPA/ERBB4/NOG/SCN5A/SGCZ/KCNJ11/MYH6/DLL1,26
GO:1901993,regulation of meiotic cell cycle phase transition,5/1039,16/21338,0.3125,6.417829643888354,4.904655379607586,7.548240978227241e-4,0.011203414931699487,0.00935113272376257,TTK/PKMYT1/KNL1/CDC25C/CDC25A,5
GO:0006584,catecholamine metabolic process,10/1039,62/21338,0.16129032258064516,3.3124282032972148,4.125306699541665,7.681380348866717e-4,0.011282828088169845,0.009417416349843942,SLC1A1/NPY/DDC/DRD2/CHRNB2/HAND2/INSM1/SLITRK1/HTR1A/TH,10
GO:0009712,catechol-containing compound metabolic process,10/1039,62/21338,0.16129032258064516,3.3124282032972148,4.125306699541665,7.681380348866717e-4,0.011282828088169845,0.009417416349843942,SLC1A1/NPY/DDC/DRD2/CHRNB2/HAND2/INSM1/SLITRK1/HTR1A/TH,10
GO:0006936,muscle contraction,34/1039,392/21338,0.08673469387755102,1.7812751664669717,3.5321052366247834,8.566851208818597e-4,0.012310591385394063,0.0102752575580422,PTGER3/CHRNA3/REM1/JPH4/CHGA/SLC8A3/SGCA/NMU/P2RX3/FGF12/KCNIP2/KCNA5/ATP8A2/SCN2A/GRIP2/DRD2/SCN3A/JPH3/CHRNB2/CCDC78/KCNJ3/TBX20/SCN3B/GDNF/SGCD/DDIT3/NPPA/CHRM2/KCNB2/CTNNA3/SCN5A/KCND2/MYH6/ACTN3,34
GO:0030219,megakaryocyte differentiation,11/1039,74/21338,0.14864864864864866,3.052805452227974,4.002011213504091,8.662036722853465e-4,0.0124094239514294,0.010357749945234921,MYB/H4C8/H4C3/H4C11/H4C15/H4C14/H4C12/H4C5/H4C4/H4C1/H4C2,11
GO:0090497,mesenchymal cell migration,10/1039,63/21338,0.15873015873015872,3.2598499778480527,4.063986251235529,8.738807629921632e-4,0.012481354727356155,0.010417788267185412,SOX8/SEMA5B/SOX10/SEMA6C/SEMA3D/HAND2/GBX2/GDNF/SEMA3E/ERBB4,10
GO:0007212,G protein-coupled dopamine receptor signaling pathway,7/1039,33/21338,0.21212121212121213,4.356344970396943,4.365358577936804,8.922423291543874e-4,0.012704990014231716,0.010604449500571763,SLC1A1/RGS8/GNAL/DRD2/ADCY5/GNG2/LRRK2,7
GO:0014033,neural crest cell differentiation,13/1039,98/21338,0.1326530612244898,2.724303195773016,3.8706735552793337,9.253593445850908e-4,0.012999543191412678,0.010850303632621417,SOX8/LRP6/SEMA5B/SOX10/SFRP1/SIX1/SEMA6C/SEMA3D/HAND2/GBX2/GDNF/SEMA3E/ERBB4,13
GO:0035095,behavioral response to nicotine,4/1039,10/21338,0.4,8.214821944177094,5.162828301535955,9.267603679768561e-4,0.012999543191412678,0.010850303632621417,CHRNA3/CHRNA4/CHRNB2/GRM2,4
GO:1905144,response to acetylcholine,10/1039,64/21338,0.15625,3.208914821944177,4.003884210385851,9.912804567843011e-4,0.013700079018910091,0.011435018520056676,CHRNA3/HRH3/CHRNA4/OPRM1/RGS8/CHRNB2/CHRM1/CDK5R1/CHRM2/PLCB1,10
GO:0007158,neuron cell-cell adhesion,5/1039,17/21338,0.29411764705882354,6.040310253071392,4.703434237647357,0.0010267197089467981,0.013903619343922202,0.011604907130398212,NRXN3/TNR/CNTN4/CDK5R1/NRXN1,5
GO:0090068,positive regulation of cell cycle process,28/1039,306/21338,0.0915032679738562,1.8792076342888775,3.50468514496363,0.001065352833629328,0.014303122757783462,0.011938359873993614,SIRT2/SMPD3/HOXA13/CCND1/GLI1/KIF14/NCAPH/KCNA5/RAB11FIP4/CDK4/MDM2/USP44/KNL1/DTL/PKP4/DRD2/CPAP/CDC25C/NPM2/CDC25A/MAD2L1/TBX20/CENPV/IGF2/ATAD5/AURKB/PLCB1/CDC14C,28
GO:0002790,peptide secretion,28/1039,307/21338,0.09120521172638436,1.8730864367830504,3.486049890775967,0.001119358042299928,0.014949112995765668,0.012477547299475339,CFTR/ABCC8/TFAP2B/GIPR/NR1H4/RAPGEF4/CHGA/SMPD3/RAB3A/NMU/ACVR2B/SOX4/VGF/KCNA5/DRD2/G6PC2/KCNB1/NEUROD1/CPLX1/GPR27/CHD7/ADCY5/BRSK2/RIMS2/PLCB1/PCLO/KCNJ11/TUNAR,28
GO:1904888,cranial skeletal system development,11/1039,77/21338,0.14285714285714285,2.9338649800632477,3.84606658224434,0.0012129282488064469,0.0160099714638806,0.01336301199010296,GRHL2/SIX4/HOXA2/SIX1/PDGFRA/TFAP2A/MMP16/ZIC3/NOG/PAX5/LHX1,11
GO:1901632,regulation of synaptic vesicle membrane organization,6/1039,26/21338,0.23076923076923078,4.739320352409862,4.316227964358427,0.0013060992374493822,0.016860879991139138,0.014073238168699822,SYT13/RAB3A/SYT4/CPLX2/CPLX1/ERC2,6
GO:0019374,galactolipid metabolic process,4/1039,11/21338,0.36363636363636365,7.468019949251904,4.854448962084599,0.001400385358046989,0.017881551080061963,0.014925159737079753,FA2H/GAL3ST1/B3GALT2/UGT8,4
GO:0006835,dicarboxylic acid transport,15/1039,128/21338,0.1171875,2.406686116458133,3.611345022872462,0.001425872296245363,0.018059229765188922,0.015073462462359055,ABCC8/KCNK2/P2RX7/SLC17A6/NTSR1/SLC1A6/SLC1A1/SYT4/SLC22A7/SLC1A7/GRM2/NPY5R/SLC17A8/SLC25A21/GRM7,15
GO:0009581,detection of external stimulus,18/1039,168/21338,0.10714285714285714,2.2003987350474357,3.5339212834403426,0.0014335356807346558,0.018059474969898518,0.015073667126900883,COL11A1/KCNK2/SEMA5B/NTSR1/PDC/MMP24/ATP8A2/ANO3/CRB1/TRPC3/RGR/TMC2/EPHB1/GRIK2/PCP2/TAC4/EYS/CHML,18
GO:0009308,amine metabolic process,13/1039,103/21338,0.1262135922330097,2.592055467822869,3.6642728516682155,0.0014746446279066655,0.018527687450624122,0.015464469134760026,SLC44A1/SLC1A1/NPY/DDC/SLC22A3/DRD2/CHRNB2/HAND2/INSM1/SLITRK1/HTR1A/TH/SATL1,13
GO:0050433,regulation of catecholamine secretion,8/1039,46/21338,0.17391304347826086,3.571661714859606,3.9502233983362762,0.0015422580752750747,0.019222999192884817,0.01604482364505076,CHGA/CHRNA4/SYT4/DRD2/KCNB1/CHRNB2/GRM2/GDNF,8
GO:0009914,hormone transport,33/1039,391/21338,0.08439897698209718,1.7333064204465733,3.3109306210132656,0.0015920911322092543,0.019791630238760016,0.016519441822923094,CFTR/ABCC8/TFAP2B/GIPR/NR1H4/RAPGEF4/CHGA/SMPD3/RAB3A/NMU/GLP1R/ACVR2B/MYB/SOX4/VGF/KCNA5/DRD2/G6PC2/KCNB1/NEUROD1/CPLX1/KCNK9/GPR27/CHD7/ADCY5/BRSK2/RIMS2/SOX11/HTR1A/PLCB1/PCLO/KCNJ11/TUNAR,33
GO:0009582,detection of abiotic stimulus,18/1039,170/21338,0.10588235294117647,2.1745116911057014,3.4783959919079206,0.0016387727449187982,0.02013746243203601,0.016808096912392597,COL11A1/KCNK2/SEMA5B/NTSR1/PDC/MMP24/ATP8A2/ANO3/CRB1/TRPC3/RGR/TMC2/EPHB1/GRIK2/PCP2/TAC4/EYS/CHML,18
GO:0007638,mechanosensory behavior,5/1039,19/21338,0.2631578947368421,5.40448812116914,4.345361971640246,0.001778909597544714,0.02148867917445401,0.017935914383578964,ETV1/FOXP2/DRD2/CNTNAP2/NRXN1,5
GO:0032026,response to magnesium ion,5/1039,19/21338,0.2631578947368421,5.40448812116914,4.345361971640246,0.001778909597544714,0.02148867917445401,0.017935914383578964,SMPD3/CCND1/MDM2/ANK3/KCNC2,5
GO:0044771,meiotic cell cycle phase transition,5/1039,19/21338,0.2631578947368421,5.40448812116914,4.345361971640246,0.001778909597544714,0.02148867917445401,0.017935914383578964,TTK/PKMYT1/KNL1/CDC25C/CDC25A,5
GO:0061101,neuroendocrine cell differentiation,5/1039,19/21338,0.2631578947368421,5.40448812116914,4.345361971640246,0.001778909597544714,0.02148867917445401,0.017935914383578964,NKX2-2/BMP2/ASCL1/OTP/INSM1,5
GO:0099500,vesicle fusion to plasma membrane,7/1039,37/21338,0.1891891891891892,3.8853887573810577,3.974132399959872,0.0018151312271653037,0.021647973696573,0.018068872434993114,SYT13/STX1B/RAB3A/SYT4/CPLX2/CPLX1/ERC2,7
GO:0044331,cell-cell adhesion mediated by cadherin,11/1039,81/21338,0.13580246913580246,2.788982758825556,3.64951210826152,0.0018451959329615609,0.021895393154005995,0.01827538555612647,CELSR3/CDH10/NEXMIF/CDH7/CDH9/MMP24/CDH13/CDH18/CDH22/CDH8/CDH12,11
GO:0051783,regulation of nuclear division,17/1039,159/21338,0.1069182389937107,2.195785739795764,3.4240203532552687,0.001961294475169465,0.02309805197699578,0.01927920647535003,SIRT2/SMPD3/HOXA13/TTK/NEK2/CENPF/PKMYT1/USP44/KNL1/CDC25C/NPM2/MAD2L1/IGF2/HASPIN/AURKB/PLCB1/PDXP,17
GO:0061138,morphogenesis of a branching epithelium,22/1039,230/21338,0.09565217391304348,1.9644139431727832,3.3269094948258244,0.002013089348087968,0.02326483301498346,0.019418413282518875,HOXA11/SOX8/NTN4/GRHL2/SOX10/SIX4/EYA1/SFRP1/HOXA13/BMP2/SIX1/MYCN/NKX2-1/GREB1L/TBX20/GBX2/GDNF/SEMA3E/CSMD1/NOG/PTCH1/LHX1,22
GO:0099624,atrial cardiac muscle cell membrane repolarization,4/1039,12/21338,0.3333333333333333,6.8456849534809106,4.582563134872881,0.002020015294767664,0.02326483301498346,0.019418413282518875,KCNA5/KCNJ3/NPPA/SCN5A,4
GO:0010463,mesenchymal cell proliferation,8/1039,48/21338,0.16666666666666666,3.4228424767404553,3.8018510467841096,0.0020470750379553903,0.02340439319550457,0.01953489970910945,FGF9/BMP2/SIX1/FOXP2/MYCN/OSR1/NFIB/HAND2,8
GO:0071695,anatomical structure maturation,27/1039,306/21338,0.08823529411764706,1.8120930759214178,3.237154033371908,0.0021877219529574292,0.024652531071815253,0.020576680542015353,CFTR/SOX8/SIRT2/NTN4/ACTL6B/SOX10/REC8/FERMT1/XYLT1/KIF14/B4GALT6/BCL11A/KCNIP2/BMP2/C1QL1/ADGRB3/ASCL1/SRRM4/KCNB1/FEV/RAC3/CNTNAP2/DDIT3/CDK5R1/LRRK2/HES5/ACTN3,27
GO:0008277,regulation of G protein-coupled receptor signaling pathway,18/1039,177/21338,0.1016949152542373,2.088514053604346,3.289953128754845,0.0025631664214811555,0.028339574151858705,0.023654137675390183,GIPR/FRMPD1/CHGA/PDE10A/PDC/STMN1/RGS8/DRD2/TUB/GNG4/GRM5/GPR27/NRXN1/PLCB1/RGS7/KCTD16/PDE2A/LRRK2,18
GO:0048608,reproductive structure development,29/1039,341/21338,0.08504398826979472,1.7465530526476223,3.144100152206273,0.0026500808923800266,0.029163302373053267,0.02434167732036973,HOXA11/SOX8/ASPM/HOXA9/SIX4/REC8/FGF9/SFRP1/HOXA13/CCND1/GLI1/VGF/PDGFRA/NKX2-1/BRIP1/GREB1L/NUP210L/OSR1/GFRA1/ADAM29/NR0B1/ZFPM2/CHD7/BASP1/NHLH2/CSMD1/NOG/PTCH1/LHX1,29
GO:0043652,engulfment of apoptotic cell,4/1039,13/21338,0.3076923076923077,6.319093803213149,4.34012198469129,0.002806092449164436,0.030452259627306435,0.02541752878470084,ALOX15/ADGRB1/XKR4/XKR7,4
GO:0060075,regulation of resting membrane potential,4/1039,13/21338,0.3076923076923077,6.319093803213149,4.34012198469129,0.002806092449164436,0.030452259627306435,0.02541752878470084,NALCN/ATP1A3/KCNK9/KCNK3,4
GO:0032332,positive regulation of chondrocyte differentiation,5/1039,21/21338,0.23809523809523808,4.8897749667720785,4.03467179578439,0.0028710073142136465,0.030677397531034656,0.025605444204396265,HOXA11/SOX6/SOX5/PRKG2/GDF6,5
GO:0072578,neurotransmitter-gated ion channel clustering,5/1039,21/21338,0.23809523809523808,4.8897749667720785,4.03467179578439,0.0028710073142136465,0.030677397531034656,0.025605444204396265,LHFPL4/NRXN1/SHISA7/RELN/FRRS1L,5
GO:0046513,ceramide biosynthetic process,11/1039,87/21338,0.12643678160919541,2.596639120285863,3.3760886139725708,0.003273938424140364,0.03457131832592263,0.02885557556084447,P2RX7/FA2H/B4GALT6/GAL3ST1/B4GALNT1/ST8SIA2/TLCD3B/B3GALT2/UGT8/ST8SIA3/ASAH2,11
GO:0099637,neurotransmitter receptor transport,5/1039,22/21338,0.22727272727272727,4.667512468282439,3.893742380912536,0.0035683333424153586,0.036451300817412546,0.03042473691954148,LRRC7/SLC1A1/GRIP2/NETO1/CPLX1,5
GO:0043523,regulation of neuron apoptotic process,25/1039,287/21338,0.08710801393728224,1.7889420610141755,3.0442956256599625,0.0036932310006319584,0.037448564376955686,0.03125712097053951,TFAP2B/ERBB3/SIX4/TOX3/SLC1A1/CCND1/KIF14/MYB/CNTFR/GRM4/SIX1/HRK/AGAP2/TFAP2A/ASCL1/ST8SIA2/POU4F1/GRID2/KCNB1/GRIK2/GDNF/SEMA3E/DDIT3/CDK5R1/PCDHGC4,25
GO:0010752,regulation of cGMP-mediated signaling,4/1039,14/21338,0.2857142857142857,5.867729960126495,4.121860495921277,0.0037783952440776283,0.037856458959319356,0.03159757755455784,RUNDC3A/PDE10A/NPPA/PDE2A,4
GO:0002223,stimulatory C-type lectin receptor signaling pathway,5/1039,23/21338,0.21739130434782608,4.464577143574507,3.7610457480320356,0.0043792778157575344,0.042649923663178727,0.03559852948981395,PAK3/KLRC4/KLRC2/KLRC3/KLRK1,5
GO:1990858,cellular response to lectin,5/1039,23/21338,0.21739130434782608,4.464577143574507,3.7610457480320356,0.0043792778157575344,0.042649923663178727,0.03559852948981395,PAK3/KLRC4/KLRC2/KLRC3/KLRK1,5
GO:0140115,export across plasma membrane,12/1039,104/21338,0.11538461538461539,2.369660176204931,3.1677487066978087,0.004663717731115962,0.04472410126227328,0.037329779304270845,SLC8A3/ATP1A3/SLC8A2/KCNIP2/KCNA5/FXYD6/FXYD2/SLC30A2/KCNB1/KCNT2/NPPA/FXYD7,12
GO:0060402,calcium ion transport into cytosol,6/1039,33/21338,0.18181818181818182,3.734009974625952,3.5559318246975895,0.004700836069740757,0.044805737711383,0.037397918641729616,P2RX7/JPH4/SLC8A3/P2RX3/TRPC3/JPH3,6
GO:0050953,sensory perception of light stimulus,22/1039,247/21338,0.08906882591093117,1.8292113640880168,2.965529623795567,0.004788121843011931,0.045545312834641825,0.03801521838283072,USH1C/COL11A1/RIMS1/SEMA5B/VAX2/PDC/CRYGD/ATP8A2/CRB1/COL2A1/RGR/PCDH15/CABP1/GJD2/CHRNB2/SLC45A2/KCNK9/TH/SIX6/EYS/RBP3/GPR179,22
GO:0009880,embryonic pattern specification,10/1039,79/21338,0.12658227848101267,2.5996271975243967,3.222537945279657,0.004898266248181947,0.04640514737944954,0.038732894823272364,ZIC3/SIM2/CXXC4/HOXD8/BASP1/ERBB4/PTCH1/DLL1/RIPPLY2/LHX1,10
GO:0021702,cerebellar Purkinje cell differentiation,4/1039,15/21338,0.26666666666666666,5.476547962784728,3.923754697648261,0.004955808315494865,0.04657468654902074,0.038874403754808155,LHX5/FOXP2/SKOR2/LHX1,4
GO:0031115,negative regulation of microtubule polymerization,4/1039,15/21338,0.26666666666666666,5.476547962784728,3.923754697648261,0.004955808315494865,0.04657468654902074,0.038874403754808155,MAP2/STMN2/TUBB4A/STMN1,4
GO:0098840,protein transport along microtubule,4/1039,15/21338,0.26666666666666666,5.476547962784728,3.923754697648261,0.004955808315494865,0.04657468654902074,0.038874403754808155,CAMSAP3/KIF5A/NETO1/KIF5C,4
