Pathway,CellType,rho,p_value,p_adjust,Subtype
MesWoundHealing__cytokine.mediated.signaling.pathway,AC,-0.09757910906298001,0.2789889804848729,0.32586827638601956,ME
MesWoundHealing__adaptive.immune.response,AC,-0.06751459293394776,0.4543956506687966,0.509853387561445,ME
MesWoundHealing__positive.regulation.of.cytokine.production,AC,-0.0847926267281106,0.3471247537242035,0.39731146510601606,ME
MesWoundHealing__leukocyte.mediated.immunity,AC,-0.05614132104454684,0.5340313404256363,0.589918341167854,ME
MesWoundHealing__leukocyte.migration,AC,-0.08351459293394775,0.354466779860798,0.4040921290413097,ME
Proliferation__chromosome.segregation,AC,-0.28905683563748075,0.001077876717283793,0.0021786869817438373,ME
Proliferation__nuclear.chromosome.segregation,AC,-0.26089093701996924,0.0032968310970273246,0.006101278328914205,ME
Proliferation__sister.chromatid.segregation,AC,-0.24223041474654375,0.006495344472340865,0.011138094934154777,ME
Proliferation__nuclear.division,AC,-0.2800184331797234,0.0015627508074526565,0.0031145732875804692,ME
Proliferation__mRNA.processing,AC,-0.18761290322580643,0.03615809601044639,0.05002455030571466,ME
Neural__central.nervous.system.neuron.differentiation,AC,0.2543102918586789,0.004210830967567628,0.0076438651322087514,ME
Neural__regulation.of.postsynaptic.membrane.potential,AC,0.19917050691244237,0.025961814056503493,0.037181492492982395,ME
Neural__synapse.assembly,AC,0.19005837173579104,0.03375719556466528,0.04762772641549309,ME
Neural__regulation.of.synapse.structure.or.activity,AC,0.22664208909370193,0.011033279347702598,0.017665643899411464,ME
Neural__axonogenesis,AC,0.2502672811059908,0.004879187267273237,0.008691052319830453,ME
MesWoundHealing__cytokine.mediated.signaling.pathway,MES,0.6536774193548386,1.4092724614606122e-16,1.7462723978968458e-15,ME
MesWoundHealing__adaptive.immune.response,MES,0.576079877112135,2.0792815690833028e-12,1.742927197613945e-11,ME
MesWoundHealing__positive.regulation.of.cytokine.production,MES,0.6268571428571428,5.2726943035347186e-15,6.010871506029579e-14,ME
MesWoundHealing__leukocyte.mediated.immunity,MES,0.5988079877112134,1.6309655858650767e-13,1.5494173065718229e-12,ME
MesWoundHealing__leukocyte.migration,MES,0.6966144393241166,1.8687529928010126e-19,3.550630686321924e-18,ME
Proliferation__chromosome.segregation,MES,-0.46663594470046077,4.13244224709397e-8,1.8995903877770668e-7,ME
Proliferation__nuclear.chromosome.segregation,MES,-0.46237173579109053,5.686596750017517e-8,2.455575869325746e-7,ME
Proliferation__sister.chromatid.segregation,MES,-0.45770199692780333,8.026588990050331e-8,3.3640850914181536e-7,ME
Proliferation__nuclear.division,MES,-0.4897818740399385,6.7567632085951894e-9,3.43870984723148e-8,ME
Proliferation__mRNA.processing,MES,-0.4958095238095237,4.122591440159191e-9,2.175812148972906e-8,ME
Neural__central.nervous.system.neuron.differentiation,MES,-0.44683256528417814,1.755476356597252e-7,7.046630445496012e-7,ME
Neural__regulation.of.postsynaptic.membrane.potential,MES,-0.3311520737327188,1.6181233970225464e-4,3.92682659616193e-4,ME
Neural__synapse.assembly,MES,-0.47098617511520724,2.970317958575216e-8,1.3877715052359616e-7,ME
Neural__regulation.of.synapse.structure.or.activity,MES,-0.5047803379416281,1.9410367921672716e-9,1.0846970309170046e-8,ME
Neural__axonogenesis,MES,-0.5358709677419354,1.1964731512720771e-10,8.316947514940048e-10,ME
MesWoundHealing__cytokine.mediated.signaling.pathway,NPC,-0.5887434715821812,5.159419443208854e-13,4.595107941607886e-12,ME
MesWoundHealing__adaptive.immune.response,NPC,-0.5374254992319507,1.0330478392338244e-10,7.360465854540999e-10,ME
MesWoundHealing__positive.regulation.of.cytokine.production,NPC,-0.564958525345622,6.7379025024482075e-12,5.053426876836156e-11,ME
MesWoundHealing__leukocyte.mediated.immunity,NPC,-0.5324608294930875,1.6469842105328589e-10,1.043090000004144e-9,ME
MesWoundHealing__leukocyte.migration,NPC,-0.56268509984639,8.522712222859645e-12,6.228135855166664e-11,ME
Proliferation__chromosome.segregation,NPC,0.47445161290322574,2.275776580905145e-8,1.0993158060304513e-7,ME
Proliferation__nuclear.chromosome.segregation,NPC,0.48059600614439313,1.4088185632001816e-8,6.922642939862961e-8,ME
Proliferation__sister.chromatid.segregation,NPC,0.48223041474654366,1.2381141302380461e-8,6.19057065119023e-8,ME
Proliferation__nuclear.division,NPC,0.46427649769585244,4.933497220897952e-8,2.1969479811811193e-7,ME
Proliferation__mRNA.processing,NPC,0.41784331797235014,1.244683120873316e-6,4.273911921071025e-6,ME
Neural__central.nervous.system.neuron.differentiation,NPC,0.49018125960061437,6.541083852776672e-9,3.389470723711548e-8,ME
Neural__regulation.of.postsynaptic.membrane.potential,NPC,0.2952503840245775,8.297387043995194e-4,0.0017433597188425364,ME
Neural__synapse.assembly,NPC,0.4982611367127496,3.3628199060679783e-9,1.808308817413913e-8,ME
Neural__regulation.of.synapse.structure.or.activity,NPC,0.5176589861751151,6.331817210030868e-10,3.759516468455828e-9,ME
Neural__axonogenesis,NPC,0.5355821812596006,1.2294649631186505e-10,8.342797964019414e-10,ME
MesWoundHealing__cytokine.mediated.signaling.pathway,OPC,-0.38307219662058367,1.0372988612262825e-5,3.047733767520521e-5,ME
MesWoundHealing__adaptive.immune.response,OPC,-0.33961904761904754,1.0674431530759392e-4,2.716261594880738e-4,ME
MesWoundHealing__positive.regulation.of.cytokine.production,OPC,-0.3452657450076804,8.034107574131405e-5,2.081564235115864e-4,ME
MesWoundHealing__leukocyte.mediated.immunity,OPC,-0.3122703533026113,3.9217022655910585e-4,8.719937000351678e-4,ME
MesWoundHealing__leukocyte.migration,OPC,-0.3274408602150537,1.9344999846017988e-4,4.594437463429272e-4,ME
Proliferation__chromosome.segregation,OPC,0.17064823348694313,0.05707723370170607,0.07496318711975221,ME
Proliferation__nuclear.chromosome.segregation,OPC,0.18325652841781873,0.04079137587643531,0.05562460346786633,ME
Proliferation__sister.chromatid.segregation,OPC,0.1870168970814132,0.03676455349016741,0.05037450838796977,ME
Proliferation__nuclear.division,OPC,0.1538248847926267,0.08675925501019698,0.10989505634624949,ME
Proliferation__mRNA.processing,OPC,0.16744086021505375,0.06198009894028334,0.08065903286749203,ME
Neural__central.nervous.system.neuron.differentiation,OPC,0.3208172043010752,2.645781397667642e-4,6.0810298252845e-4,ME
Neural__regulation.of.postsynaptic.membrane.potential,OPC,0.31960675883256523,2.799433776402738e-4,6.382709010198242e-4,ME
Neural__synapse.assembly,OPC,0.4204301075268817,1.0527531586952032e-6,3.704131484297937e-6,ME
Neural__regulation.of.synapse.structure.or.activity,OPC,0.4296712749615975,5.721364539661841e-7,2.064036574434968e-6,ME
Neural__axonogenesis,OPC,0.40943164362519197,2.125309512393095e-6,6.962220816460139e-6,ME
MesWoundHealing__cytokine.mediated.signaling.pathway,Astrocyte,0.006721966205837172,0.9406923607586991,0.9572117852769414,ME
MesWoundHealing__adaptive.immune.response,Astrocyte,0.009572964669738861,0.9156171247780136,0.937898958564566,ME
MesWoundHealing__positive.regulation.of.cytokine.production,Astrocyte,0.006371735791090629,0.9437772339046335,0.9572117852769414,ME
MesWoundHealing__leukocyte.mediated.immunity,Astrocyte,0.03337019969278033,0.7117961197118232,0.7626386996912391,ME
MesWoundHealing__leukocyte.migration,Astrocyte,0.015072196620583714,0.8675047383690159,0.8925590268417672,ME
Proliferation__chromosome.segregation,Astrocyte,-0.3533824884792626,5.289119177579892e-5,1.4220744958587446e-4,ME
Proliferation__nuclear.chromosome.segregation,Astrocyte,-0.31794162826420885,3.024321151882521e-4,6.840726414972369e-4,ME
Proliferation__sister.chromatid.segregation,Astrocyte,-0.29998771121351764,6.765704119566342e-4,0.0014607770258154604,ME
Proliferation__nuclear.division,Astrocyte,-0.3361597542242703,1.267034559676521e-4,3.1675863991913026e-4,ME
Proliferation__mRNA.processing,Astrocyte,-0.2691305683563748,0.0024057991133406642,0.004571018315347262,ME
Neural__central.nervous.system.neuron.differentiation,Astrocyte,0.1763563748079877,0.049141243693255836,0.066062521002726,ME
Neural__regulation.of.postsynaptic.membrane.potential,Astrocyte,0.1686697388632872,0.060062410557833824,0.0785219587568011,ME
Neural__synapse.assembly,Astrocyte,0.09416897081413209,0.2962137754954852,0.343174496000867,ME
Neural__regulation.of.synapse.structure.or.activity,Astrocyte,0.13088786482334866,0.14568690478699922,0.17743917890724262,ME
Neural__axonogenesis,Astrocyte,0.1529155145929339,0.08866174272035368,0.11131540385595065,ME
MesWoundHealing__cytokine.mediated.signaling.pathway,Oligodendrocyte,-0.03939170506912442,0.6627224711839066,0.7209003980435625,ME
MesWoundHealing__adaptive.immune.response,Oligodendrocyte,-0.0024577572964669735,0.9782981875378604,0.9817428994658106,ME
MesWoundHealing__positive.regulation.of.cytokine.production,Oligodendrocyte,-0.024233486943164358,0.788502206725217,0.8292366380689551,ME
MesWoundHealing__leukocyte.mediated.immunity,Oligodendrocyte,0.03054992319508448,0.7352078914452382,0.7789377288546204,ME
MesWoundHealing__leukocyte.migration,Oligodendrocyte,0.0042334869431643616,0.9626275825111232,0.9694306042956542,ME
Proliferation__chromosome.segregation,Oligodendrocyte,-0.0800921658986175,0.37460042602292654,0.42534311321328316,ME
Proliferation__nuclear.chromosome.segregation,Oligodendrocyte,-0.03123809523809523,0.7294717967223074,0.7757442614397673,ME
Proliferation__sister.chromatid.segregation,Oligodendrocyte,-0.017800307219662057,0.8438042660547911,0.8713196225565777,ME
Proliferation__nuclear.division,Oligodendrocyte,-0.05797235023041474,0.5207566641266944,0.5774927987397195,ME
Proliferation__mRNA.processing,Oligodendrocyte,-0.17188940092165894,0.05526756058648979,0.07360399423901677,ME
Neural__central.nervous.system.neuron.differentiation,Oligodendrocyte,0.17587096774193547,0.04977843740657315,0.06660495145949928,ME
Neural__regulation.of.postsynaptic.membrane.potential,Oligodendrocyte,0.1871029185867895,0.03667649862110551,0.05037450838796977,ME
Neural__synapse.assembly,Oligodendrocyte,0.16526574500768046,0.0654969431642342,0.08446438371858257,ME
Neural__regulation.of.synapse.structure.or.activity,Oligodendrocyte,0.2208049155145929,0.013342473343602173,0.020666330994166413,ME
Neural__axonogenesis,Oligodendrocyte,0.2357235023041474,0.008135509455878934,0.013480349970497072,ME
MesWoundHealing__cytokine.mediated.signaling.pathway,Neuron,-0.24192933947772655,0.00656420187696294,0.011138094934154777,ME
MesWoundHealing__adaptive.immune.response,Neuron,-0.23480798771121347,0.00839348515651272,0.013827417743388007,ME
MesWoundHealing__positive.regulation.of.cytokine.production,Neuron,-0.23304454685099843,0.008910829815497881,0.014595324697798255,ME
MesWoundHealing__leukocyte.mediated.immunity,Neuron,-0.23099846390168968,0.009546180611883406,0.015370968781846163,ME
MesWoundHealing__leukocyte.migration,Neuron,-0.21968049155145924,0.013832813641801053,0.021195440257598386,ME
Proliferation__chromosome.segregation,Neuron,0.04140706605222733,0.6465997941895794,0.706057246528851,ME
Proliferation__nuclear.chromosome.segregation,Neuron,0.023496159754224265,0.7947929288167958,0.8327793555617162,ME
Proliferation__sister.chromatid.segregation,Neuron,0.03134254992319508,0.7286024361176586,0.7757442614397673,ME
Proliferation__nuclear.division,Neuron,0.005019969278033793,0.9556911674079205,0.9658580947207708,ME
Proliferation__mRNA.processing,Neuron,-0.034678955453148995,0.7010208029068593,0.7539280333149242,ME
Neural__central.nervous.system.neuron.differentiation,Neuron,0.09384946236559137,0.2978628879818956,0.34368794767141797,ME
Neural__regulation.of.postsynaptic.membrane.potential,Neuron,0.24482949308755755,0.005927100649746783,0.010300144421816055,ME
Neural__synapse.assembly,Neuron,0.2913364055299539,9.795840557917566e-4,0.0020084996827384937,ME
Neural__regulation.of.synapse.structure.or.activity,Neuron,0.2399569892473118,0.007031544640907335,0.01178817778034465,ME
Neural__axonogenesis,Neuron,0.21770199692780334,0.014733825924267793,0.022455296194739686,ME
MesWoundHealing__cytokine.mediated.signaling.pathway,Radial glial,-0.39542857142857135,5.017680168918422e-6,1.5213179235550535e-5,ME
MesWoundHealing__adaptive.immune.response,Radial glial,-0.4038955453149001,2.9987781938344426e-6,9.602829047672092e-6,ME
MesWoundHealing__positive.regulation.of.cytokine.production,Radial glial,-0.39715514592933937,4.522851252122334e-6,1.4164973701701814e-5,ME
MesWoundHealing__leukocyte.mediated.immunity,Radial glial,-0.3880983102918586,7.747156907665479e-6,2.299937206963189e-5,ME
MesWoundHealing__leukocyte.migration,Radial glial,-0.38049769585253446,1.2023516407385222e-5,3.461315329398776e-5,ME
Proliferation__chromosome.segregation,Radial glial,0.5129769585253455,9.56632288013683e-10,5.5640857568142786e-9,ME
Proliferation__nuclear.chromosome.segregation,Radial glial,0.5297572964669738,2.1165299567334034e-10,1.311328342758739e-9,ME
Proliferation__sister.chromatid.segregation,Radial glial,0.5341443932411674,1.4072294169250283e-10,9.115008723264388e-10,ME
Proliferation__nuclear.division,Radial glial,0.5052473118279569,1.8652823196842945e-9,1.063210922220048e-8,ME
Proliferation__mRNA.processing,Radial glial,0.36752688172043,2.4830922443947484e-5,6.938051859338268e-5,ME
Neural__central.nervous.system.neuron.differentiation,Radial glial,0.20692473118279564,0.0205929520533831,0.03072770332572871,ME
Neural__regulation.of.postsynaptic.membrane.potential,Radial glial,0.020878648233486938,0.8172289898393413,0.846946407651681,ME
Neural__synapse.assembly,Radial glial,0.13215975422427034,0.14177875840234974,0.17342036971961236,ME
Neural__regulation.of.synapse.structure.or.activity,Radial glial,0.16537634408602148,0.06531428158255928,0.08446438371858257,ME
Neural__axonogenesis,Radial glial,0.17155760368663592,0.05574664532462344,0.07389671589543106,ME
MesWoundHealing__cytokine.mediated.signaling.pathway,Monocytes,0.719416282642089,3.370686909244453e-21,7.389582839497455e-20,ME
MesWoundHealing__adaptive.immune.response,Monocytes,0.7129032258064515,1.1042924667024228e-20,2.248023950072789e-19,ME
MesWoundHealing__positive.regulation.of.cytokine.production,Monocytes,0.7361351766513056,1.3664913178113038e-22,3.2454168798018464e-21,ME
MesWoundHealing__leukocyte.mediated.immunity,Monocytes,0.6941566820276497,2.817215415632404e-19,4.7229787850307954e-18,ME
MesWoundHealing__leukocyte.migration,Monocytes,0.7404976958525344,5.686779757162648e-23,1.4733929370830498e-21,ME
Proliferation__chromosome.segregation,Monocytes,-0.33156989247311824,1.5856894419999067e-4,3.895874922154943e-4,ME
Proliferation__nuclear.chromosome.segregation,Monocytes,-0.3310537634408601,1.625843994200378e-4,3.92682659616193e-4,ME
Proliferation__sister.chromatid.segregation,Monocytes,-0.33370199692780333,1.4293854289619242e-4,3.542389976123029e-4,ME
Proliferation__nuclear.division,Monocytes,-0.3546728110599078,4.9438295233836324e-5,1.3418965849184146e-4,ME
Proliferation__mRNA.processing,Monocytes,-0.4636743471582181,5.160596413893915e-8,2.2627230430150246e-7,ME
Neural__central.nervous.system.neuron.differentiation,Monocytes,-0.292036866359447,9.510703922070267e-4,0.0019641671143405984,ME
Neural__regulation.of.postsynaptic.membrane.potential,Monocytes,-0.1955944700460829,0.028815367889797557,0.04106189924296152,ME
Neural__synapse.assembly,Monocytes,-0.35816282642089087,4.112670397411431e-5,1.1270298685214019e-4,ME
Neural__regulation.of.synapse.structure.or.activity,Monocytes,-0.3668325652841781,2.579143148662281e-5,7.136464052123787e-5,ME
Neural__axonogenesis,Monocytes,-0.395563748079877,4.977163004526533e-6,1.5213179235550535e-5,ME
MesWoundHealing__cytokine.mediated.signaling.pathway,TAM,0.7675944700460828,1.6098004256795025e-25,5.734914016483227e-24,ME
MesWoundHealing__adaptive.immune.response,TAM,0.8055913978494622,9.687908043854325e-30,6.902634481246207e-28,ME
MesWoundHealing__positive.regulation.of.cytokine.production,TAM,0.8156251920122887,5.171795293263488e-31,4.9132055286003133e-29,ME
MesWoundHealing__leukocyte.mediated.immunity,TAM,0.8360737327188938,7.2862610667114454e-34,2.0765844040127617e-31,ME
MesWoundHealing__leukocyte.migration,TAM,0.7852043010752686,2.2770241432027754e-27,9.270741154468443e-26,ME
Proliferation__chromosome.segregation,TAM,-0.4733517665130567,2.4773110726270955e-8,1.1767227594978703e-7,ME
Proliferation__nuclear.chromosome.segregation,TAM,-0.44328725038402456,2.2527801988900118e-7,8.917254953939631e-7,ME
Proliferation__sister.chromatid.segregation,TAM,-0.44084792626728103,2.670175147183729e-7,1.0264150551557235e-6,ME
Proliferation__nuclear.division,TAM,-0.46584946236559127,4.384506076856567e-8,1.983467034768447e-7,ME
Proliferation__mRNA.processing,TAM,-0.6142365591397848,2.5759462105766476e-14,2.7190543333864613e-13,ME
Neural__central.nervous.system.neuron.differentiation,TAM,-0.27177880184331793,0.002169589245930172,0.004149885470403349,ME
Neural__regulation.of.postsynaptic.membrane.potential,TAM,-0.10070660522273424,0.26379506327689445,0.30938927174450587,ME
Neural__synapse.assembly,TAM,-0.2891674347158218,0.0010729071857344555,0.0021786869817438373,ME
Neural__regulation.of.synapse.structure.or.activity,TAM,-0.27532411674347157,0.001886245824148912,0.0036820552046742464,ME
Neural__axonogenesis,TAM,-0.33669431643625186,1.2340757646007934e-4,3.112491972665718e-4,ME
MesWoundHealing__cytokine.mediated.signaling.pathway,Microglia,0.7481781874039938,1.1632403208723988e-23,3.3152349144863365e-22,ME
MesWoundHealing__adaptive.immune.response,Microglia,0.7871397849462364,1.3915717584022846e-27,6.609965852410852e-26,ME
MesWoundHealing__positive.regulation.of.cytokine.production,Microglia,0.792817204301075,3.185066116904381e-28,1.8154876866354972e-26,ME
MesWoundHealing__leukocyte.mediated.immunity,Microglia,0.8195514592933947,1.564536693934707e-31,2.2294647888569576e-29,ME
MesWoundHealing__leukocyte.migration,Microglia,0.7608725038402456,7.417932045688299e-25,2.3490118144679615e-23,ME
Proliferation__chromosome.segregation,Microglia,-0.4490138248847926,1.503611540065455e-7,6.210569404618184e-7,ME
Proliferation__nuclear.chromosome.segregation,Microglia,-0.4139907834101382,1.5931739036104032e-6,5.405411458678154e-6,ME
Proliferation__sister.chromatid.segregation,Microglia,-0.41270046082949297,1.7293085297949769e-6,5.798269776371393e-6,ME
Proliferation__nuclear.division,Microglia,-0.4355821812596006,3.83658166095901e-7,1.4387181228596287e-6,ME
Proliferation__mRNA.processing,Microglia,-0.579231950844854,1.4779983213082055e-12,1.2764530956752684e-11,ME
Neural__central.nervous.system.neuron.differentiation,Microglia,-0.27276804915514585,0.002086884525380275,0.004045959247994632,ME
Neural__regulation.of.postsynaptic.membrane.potential,Microglia,-0.09039016897081412,0.31610506510202085,0.3632659014277256,ME
Neural__synapse.assembly,Microglia,-0.2785990783410138,0.0016547923053226283,0.0032751097709510352,ME
Neural__regulation.of.synapse.structure.or.activity,Microglia,-0.26624270353302604,0.0026896789149406467,0.005043147965513713,ME
Neural__axonogenesis,Microglia,-0.32436866359447,2.238865104242299e-4,5.230135694336517e-4,ME
MesWoundHealing__cytokine.mediated.signaling.pathway,DC,0.6364485407066052,1.503748271770095e-15,1.7857010727269878e-14,ME
MesWoundHealing__adaptive.immune.response,DC,0.6947526881720429,2.5512570088502945e-19,4.544426547014587e-18,ME
MesWoundHealing__positive.regulation.of.cytokine.production,DC,0.6675514592933947,1.8677755748420974e-17,2.5348382801428463e-16,ME
MesWoundHealing__leukocyte.mediated.immunity,DC,0.6906973886328723,4.985738977741297e-19,7.478608466611945e-18,ME
MesWoundHealing__leukocyte.migration,DC,0.6072811059907832,5.992869135664427e-14,6.099884655944149e-13,ME
Proliferation__chromosome.segregation,DC,-0.3796251920122887,1.2636942438441014e-5,3.601528594955689e-5,ME
Proliferation__nuclear.chromosome.segregation,DC,-0.3277419354838709,1.906837051300593e-4,4.566794618661084e-4,ME
Proliferation__sister.chromatid.segregation,DC,-0.3121290322580645,3.94691885279076e-4,8.719937000351678e-4,ME
Proliferation__nuclear.division,DC,-0.34804915514592927,6.97005013783863e-5,1.839318786374083e-4,ME
Proliferation__mRNA.processing,DC,-0.5246267281105991,3.3863453703846863e-10,2.0534221926800757e-9,ME
Neural__central.nervous.system.neuron.differentiation,DC,-0.1529769585253456,0.08853215886634691,0.11131540385595065,ME
Neural__regulation.of.postsynaptic.membrane.potential,DC,-0.07485714285714284,0.40671679193152455,0.45815923201772524,ME
Neural__synapse.assembly,DC,-0.29518894009216584,8.319190237283682e-4,0.0017433597188425364,ME
Neural__regulation.of.synapse.structure.or.activity,DC,-0.20081105990783407,0.02473568842397424,0.035604400004205346,ME
Neural__axonogenesis,DC,-0.2243502304147465,0.011894396916273114,0.01871567824428846,ME
MesWoundHealing__cytokine.mediated.signaling.pathway,Mast cells,0.42579416282642085,7.40567983347604e-7,2.638273440675839e-6,ME
MesWoundHealing__adaptive.immune.response,Mast cells,0.34851612903225804,6.804988973336336e-5,1.8125437919634167e-4,ME
MesWoundHealing__positive.regulation.of.cytokine.production,Mast cells,0.38956682027649764,7.107407331966717e-6,2.132222199590015e-5,ME
MesWoundHealing__leukocyte.mediated.immunity,Mast cells,0.39560061443932404,4.966166691909282e-6,1.5213179235550535e-5,ME
MesWoundHealing__leukocyte.migration,Mast cells,0.4414377880184331,2.5629588753432913e-7,1.0006072321545727e-6,ME
Proliferation__chromosome.segregation,Mast cells,-0.25039016897081406,0.004857551542592859,0.008691052319830453,ME
Proliferation__nuclear.chromosome.segregation,Mast cells,-0.2036313364055299,0.02274354121729545,0.03307096554555716,ME
Proliferation__sister.chromatid.segregation,Mast cells,-0.18866359447004605,0.035109492069345064,0.04907541465581633,ME
Proliferation__nuclear.division,Mast cells,-0.22557296466973883,0.01142792552800203,0.018195300421679206,ME
Proliferation__mRNA.processing,Mast cells,-0.3216835637480798,2.5406428290948525e-4,5.886855335707585e-4,ME
Neural__central.nervous.system.neuron.differentiation,Mast cells,-0.3405960061443932,1.0166276599349981e-4,2.610260207941211e-4,ME
Neural__regulation.of.postsynaptic.membrane.potential,Mast cells,-0.3729892473118279,1.8365059777103163e-5,5.1822198380934665e-5,ME
Neural__synapse.assembly,Mast cells,-0.500184331797235,2.862958406880392e-9,1.569121434540215e-8,ME
Neural__regulation.of.synapse.structure.or.activity,Mast cells,-0.4406820276497695,2.701092250409799e-7,1.0264150551557235e-6,ME
Neural__axonogenesis,Mast cells,-0.43048847926267275,5.416272002730371e-7,1.979022462536097e-6,ME
MesWoundHealing__cytokine.mediated.signaling.pathway,T cells,0.5660399385560675,6.021537194811728e-12,4.6382110824901144e-11,ME
MesWoundHealing__adaptive.immune.response,T cells,0.5757726574500768,2.1492015893267495e-12,1.7500641513089244e-11,ME
MesWoundHealing__positive.regulation.of.cytokine.production,T cells,0.575195084485407,2.286866583598282e-12,1.81043604534864e-11,ME
MesWoundHealing__leukocyte.mediated.immunity,T cells,0.6017880184331796,1.150750791699205e-13,1.1309102608078393e-12,ME
MesWoundHealing__leukocyte.migration,T cells,0.5341505376344086,1.4064194246376182e-10,9.115008723264388e-10,ME
Proliferation__chromosome.segregation,T cells,-0.2526021505376344,0.004482494870542037,0.008085512899395447,ME
Proliferation__nuclear.chromosome.segregation,T cells,-0.20513671274961595,0.02173772231645161,0.03193428278447788,ME
Proliferation__sister.chromatid.segregation,T cells,-0.18864516129032255,0.035127665227321164,0.04907541465581633,ME
Proliferation__nuclear.division,T cells,-0.22444239631336402,0.011858663552626507,0.01871567824428846,ME
Proliferation__mRNA.processing,T cells,-0.34678341013824876,7.436460087295439e-5,1.94439552741211e-4,ME
Neural__central.nervous.system.neuron.differentiation,T cells,-0.20479262672811058,0.02196418829504633,0.03210150596968309,ME
Neural__regulation.of.postsynaptic.membrane.potential,T cells,-0.24758832565284172,0.005372748454561202,0.009468696285086444,ME
Neural__synapse.assembly,T cells,-0.40193548387096767,3.382549995289441e-6,1.0711408318416562e-5,ME
Neural__regulation.of.synapse.structure.or.activity,T cells,-0.3106175115207373,4.226145290691885e-4,9.265010829593749e-4,ME
Neural__axonogenesis,T cells,-0.3042027649769585,5.625885265568757e-4,0.0012239521379290809,ME
MesWoundHealing__cytokine.mediated.signaling.pathway,NK cells,0.43403379416282634,4.2631076800556383e-7,1.5779034919686453e-6,ME
MesWoundHealing__adaptive.immune.response,NK cells,0.4048356374807987,2.8297110082311306e-6,9.164404969839458e-6,ME
MesWoundHealing__positive.regulation.of.cytokine.production,NK cells,0.4186789554531489,1.1793141423065536e-6,4.0988357385044855e-6,ME
MesWoundHealing__leukocyte.mediated.immunity,NK cells,0.4476927803379416,1.651681080215794e-7,6.724701540878589e-7,ME
MesWoundHealing__leukocyte.migration,NK cells,0.41034101382488475,2.007264629148817e-6,6.6519816198536385e-6,ME
Proliferation__chromosome.segregation,NK cells,-0.2725960061443932,0.002101059539309493,0.004045959247994632,ME
Proliferation__nuclear.chromosome.segregation,NK cells,-0.22420276497695849,0.01195176645775614,0.01871567824428846,ME
Proliferation__sister.chromatid.segregation,NK cells,-0.20585560675883252,0.02127104076951676,0.03157420114225144,ME
Proliferation__nuclear.division,NK cells,-0.23973579109062973,0.007085754889699507,0.011809591482832513,ME
Proliferation__mRNA.processing,NK cells,-0.2618924731182795,0.0031746016356908563,0.005913473635110419,ME
Neural__central.nervous.system.neuron.differentiation,NK cells,-0.15211059907834099,0.09037327274370939,0.11296659092963673,ME
Neural__regulation.of.postsynaptic.membrane.potential,NK cells,-0.16129032258064513,0.07234374462427856,0.0928737262068441,ME
Neural__synapse.assembly,NK cells,-0.27554531490015355,0.0018697335967549913,0.0036749936212080864,ME
Neural__regulation.of.synapse.structure.or.activity,NK cells,-0.20527188940092164,0.021649304307015216,0.03193428278447788,ME
Neural__axonogenesis,NK cells,-0.21331490015360982,0.016915788612673312,0.02550793520958674,ME
MesWoundHealing__cytokine.mediated.signaling.pathway,B cells,0.6200491551459293,1.2517016216989425e-14,1.3720575468623025e-13,ME
MesWoundHealing__adaptive.immune.response,B cells,0.6907711213517664,4.925855577189752e-19,7.478608466611945e-18,ME
MesWoundHealing__positive.regulation.of.cytokine.production,B cells,0.6563195084485406,9.66940930907289e-17,1.2526280241298972e-15,ME
MesWoundHealing__leukocyte.mediated.immunity,B cells,0.6806943164362518,2.4858914170410313e-18,3.5423952692834695e-17,ME
MesWoundHealing__leukocyte.migration,B cells,0.5983533026113671,1.7195596803719912e-13,1.5808855126000563e-12,ME
Proliferation__chromosome.segregation,B cells,-0.29966205837173576,6.862043624695581e-4,0.0014704379195776246,ME
Proliferation__nuclear.chromosome.segregation,B cells,-0.24611367127496153,0.005663023496285502,0.009901605499640294,ME
Proliferation__sister.chromatid.segregation,B cells,-0.23150844854070657,0.009384195871926083,0.015195998997153033,ME
Proliferation__nuclear.division,B cells,-0.26876804915514585,0.002439882702003413,0.004605076622986574,ME
Proliferation__mRNA.processing,B cells,-0.45896159754224264,7.317740157529205e-8,3.1127700670086916e-7,ME
Neural__central.nervous.system.neuron.differentiation,B cells,-0.10947465437788016,0.22424252131357875,0.268525708295672,ME
Neural__regulation.of.postsynaptic.membrane.potential,B cells,-0.102863287250384,0.2536520506525581,0.29996196861402097,ME
Neural__synapse.assembly,B cells,-0.29325960061443923,9.031098387377977e-4,0.00187873214627936,ME
Neural__regulation.of.synapse.structure.or.activity,B cells,-0.18803686635944697,0.03573184412368568,0.04967597841585569,ME
Neural__axonogenesis,B cells,-0.19199999999999998,0.031948151619069345,0.045299617967337134,ME
MesWoundHealing__cytokine.mediated.signaling.pathway,Plasma B,-0.05377572964669738,0.5514277730620221,0.60678345684431,ME
MesWoundHealing__adaptive.immune.response,Plasma B,-0.02578187403993855,0.775336396086315,0.8184106403133325,ME
MesWoundHealing__positive.regulation.of.cytokine.production,Plasma B,-0.036645161290322574,0.6849441887521859,0.7422399003588327,ME
MesWoundHealing__leukocyte.mediated.immunity,Plasma B,0.021265745007680487,0.8139011718742705,0.846946407651681,ME
MesWoundHealing__leukocyte.migration,Plasma B,-0.021167434715821807,0.8147460202521207,0.846946407651681,ME
Proliferation__chromosome.segregation,Plasma B,-0.06384024577572964,0.4793757141090713,0.5336799942229895,ME
Proliferation__nuclear.chromosome.segregation,Plasma B,-0.009284178187403992,0.9181537173316278,0.937898958564566,ME
Proliferation__sister.chromatid.segregation,Plasma B,-2.0890937019969272e-4,0.9981551228489167,0.9981551228489167,ME
Proliferation__nuclear.division,Plasma B,-0.03617818740399385,0.6887499678738921,0.7435368971365881,ME
Proliferation__mRNA.processing,Plasma B,-0.10607680491551456,0.23904177791911935,0.2838621112789542,ME
Neural__central.nervous.system.neuron.differentiation,Plasma B,0.2231397849462365,0.012372521392222382,0.019268680856739776,ME
Neural__regulation.of.postsynaptic.membrane.potential,Plasma B,0.181394777265745,0.042917867543035323,0.05824567737983365,ME
Neural__synapse.assembly,Plasma B,0.1545990783410138,0.08516535167145636,0.10835770190341547,ME
Neural__regulation.of.synapse.structure.or.activity,Plasma B,0.2323133640552995,0.009133458990361599,0.014874490355731747,ME
Neural__axonogenesis,Plasma B,0.24253149001536092,0.00642712955706852,0.011101405598572898,ME
MesWoundHealing__cytokine.mediated.signaling.pathway,Mural cell,0.3169646697388632,3.16392820728614e-4,7.100153850996456e-4,ME
MesWoundHealing__adaptive.immune.response,Mural cell,0.2846021505376344,0.0012964034238942927,0.0026019364493653063,ME
MesWoundHealing__positive.regulation.of.cytokine.production,Mural cell,0.29913364055299535,7.021051251286731e-4,0.001493283288519939,ME
MesWoundHealing__leukocyte.mediated.immunity,Mural cell,0.24192319508448534,0.006565613855922817,0.011138094934154777,ME
MesWoundHealing__leukocyte.migration,Mural cell,0.3828018433179723,1.053570259224452e-5,3.0639543252956e-5,ME
Proliferation__chromosome.segregation,Mural cell,-0.07817511520737326,0.3861772053680206,0.43674802988049943,ME
Proliferation__nuclear.chromosome.segregation,Mural cell,-0.10259293394777264,0.254908625466802,0.30020230685139904,ME
Proliferation__sister.chromatid.segregation,Mural cell,-0.09654070660522271,0.2841612057517529,0.33055487199693706,ME
Proliferation__nuclear.division,Mural cell,-0.12132104454685097,0.1777331035878983,0.2137296815297511,ME
Proliferation__mRNA.processing,Mural cell,-0.220221198156682,0.013595093865037261,0.02094379325154389,ME
Neural__central.nervous.system.neuron.differentiation,Mural cell,-0.1424270353302611,0.11308589752275225,0.1389201758361396,ME
Neural__regulation.of.postsynaptic.membrane.potential,Mural cell,-0.16015360983102914,0.0744045051789882,0.09509095953368446,ME
Neural__synapse.assembly,Mural cell,-0.17728417818740397,0.04794212488252234,0.06475595067070554,ME
Neural__regulation.of.synapse.structure.or.activity,Mural cell,-0.20311520737327182,0.023097467179346434,0.033415117492963116,ME
Neural__axonogenesis,Mural cell,-0.2073364055299539,0.020336858475007366,0.03050528771251105,ME
MesWoundHealing__cytokine.mediated.signaling.pathway,Endothelial,0.2603932411674347,0.003359131847479138,0.006136875490586887,ME
MesWoundHealing__adaptive.immune.response,Endothelial,0.24753917050691238,0.005382206309417558,0.009468696285086444,ME
MesWoundHealing__positive.regulation.of.cytokine.production,Endothelial,0.26044854070660517,0.003352157633449633,0.006136875490586887,ME
MesWoundHealing__leukocyte.mediated.immunity,Endothelial,0.21336405529953914,0.016889868025706745,0.02550793520958674,ME
MesWoundHealing__leukocyte.migration,Endothelial,0.3262734254992319,2.0453247822164645e-4,4.817500520096631e-4,ME
Proliferation__chromosome.segregation,Endothelial,-0.12572657450076805,0.16238517103674907,0.19693520742754675,ME
Proliferation__nuclear.chromosome.segregation,Endothelial,-0.15013210445468508,0.09469191214864751,0.1178480129360897,ME
Proliferation__sister.chromatid.segregation,Endothelial,-0.14567741935483866,0.10501328479154019,0.1301251572416911,ME
Proliferation__nuclear.division,Endothelial,-0.17118279569892472,0.0562919385224032,0.07427408555039311,ME
Proliferation__mRNA.processing,Endothelial,-0.2409953917050691,0.006781943902841952,0.01143700598999974,ME
Neural__central.nervous.system.neuron.differentiation,Endothelial,-0.10879262672811058,0.2271599268897386,0.27088108436642466,ME
Neural__regulation.of.postsynaptic.membrane.potential,Endothelial,-0.04688786482334868,0.603592349886217,0.6616300758368149,ME
Neural__synapse.assembly,Endothelial,-0.06516129032258064,0.4703103548664429,0.5256409848507303,ME
Neural__regulation.of.synapse.structure.or.activity,Endothelial,-0.1228817204301075,0.1721785014775302,0.20792742763176314,ME
Neural__axonogenesis,Endothelial,-0.14337941628264206,0.11067209119371645,0.13654348913510472,ME
MesWoundHealing__cytokine.mediated.signaling.pathway,AC,0.1958152958152958,0.15192588023491307,0.262417429496668,PN
MesWoundHealing__adaptive.immune.response,AC,0.2386002886002886,0.07937936398956885,0.16158560556696377,PN
MesWoundHealing__positive.regulation.of.cytokine.production,AC,0.27366522366522367,0.04320593381784742,0.10093189457447961,PN
MesWoundHealing__leukocyte.mediated.immunity,AC,0.2367243867243867,0.08184177132086619,0.164259893143992,PN
MesWoundHealing__leukocyte.migration,AC,0.21046176046176046,0.1229989737275065,0.22762797085934644,PN
Proliferation__chromosome.segregation,AC,-0.3774170274170274,0.004503051949771924,0.014259664507611094,PN
Proliferation__nuclear.chromosome.segregation,AC,-0.3883838383838384,0.0033879853167435585,0.011098572589332348,PN
Proliferation__sister.chromatid.segregation,AC,-0.37200577200577195,0.005163737605902229,0.016172145249254234,PN
Proliferation__nuclear.division,AC,-0.3862914862914863,0.003579625406056847,0.011593105008252289,PN
Proliferation__mRNA.processing,AC,-0.40699855699855697,0.0020440743095124715,0.0070188093760368,PN
Neural__central.nervous.system.neuron.differentiation,AC,-0.04177489177489177,0.7620216252012618,0.8450434365072359,PN
Neural__regulation.of.postsynaptic.membrane.potential,AC,0.18427128427128425,0.1780546758931977,0.2967577931553295,PN
Neural__synapse.assembly,AC,0.276046176046176,0.04134865675600818,0.09739146426001925,PN
Neural__regulation.of.synapse.structure.or.activity,AC,0.18318903318903318,0.18066120874587752,0.29935142146845983,PN
Neural__axonogenesis,AC,0.05952380952380952,0.6659710041180285,0.7693075739421291,PN
MesWoundHealing__cytokine.mediated.signaling.pathway,MES,0.5213564213564214,4.476655338560984e-5,2.967085515092745e-4,PN
MesWoundHealing__adaptive.immune.response,MES,0.5122655122655123,6.387064410772759e-5,4.1370758115232643e-4,PN
MesWoundHealing__positive.regulation.of.cytokine.production,MES,0.5249639249639249,3.876813777617617e-5,2.762229816552552e-4,PN
MesWoundHealing__leukocyte.mediated.immunity,MES,0.5268398268398268,3.595048289518681e-5,2.7199258128347153e-4,PN
MesWoundHealing__leukocyte.migration,MES,0.5746031746031746,4.484035181323145e-6,4.122419440893859e-5,PN
Proliferation__chromosome.segregation,MES,-0.2587301587301587,0.05647674637530756,0.12381440551509734,PN
Proliferation__nuclear.chromosome.segregation,MES,-0.2562770562770562,0.058942510206582026,0.12823370541126625,PN
Proliferation__sister.chromatid.segregation,MES,-0.24191919191919192,0.07516648163103619,0.15636822821054974,PN
Proliferation__nuclear.division,MES,-0.2858585858585858,0.0343739653615947,0.0865296770408763,PN
Proliferation__mRNA.processing,MES,-0.3808802308802308,0.004120343328719512,0.013194357850393943,PN
Neural__central.nervous.system.neuron.differentiation,MES,0.10526695526695526,0.4443441742200097,0.5673478084510892,PN
Neural__regulation.of.postsynaptic.membrane.potential,MES,0.20786435786435786,0.12779805690949814,0.23248150941846654,PN
Neural__synapse.assembly,MES,0.0831168831168831,0.546310190688357,0.654194976244461,PN
Neural__regulation.of.synapse.structure.or.activity,MES,0.14877344877344875,0.2783481078550512,0.4064570443313169,PN
Neural__axonogenesis,MES,0.11053391053391053,0.42175570583411814,0.5488601651265922,PN
MesWoundHealing__cytokine.mediated.signaling.pathway,NPC,-0.17683982683982682,0.1965086301515125,0.31820999768852876,PN
MesWoundHealing__adaptive.immune.response,NPC,-0.16673881673881674,0.22371659815068998,0.34279156168250885,PN
MesWoundHealing__positive.regulation.of.cytokine.production,NPC,-0.18513708513708513,0.17598910997670278,0.2967577931553295,PN
MesWoundHealing__leukocyte.mediated.immunity,NPC,-0.17734487734487733,0.195212984495936,0.31820999768852876,PN
MesWoundHealing__leukocyte.migration,NPC,-0.09639249639249639,0.48387794556067454,0.599587889064314,PN
Proliferation__chromosome.segregation,NPC,0.2942279942279942,0.02922413163098149,0.07711923624842337,PN
Proliferation__nuclear.chromosome.segregation,NPC,0.2854978354978355,0.03461187081635052,0.0865296770408763,PN
Proliferation__sister.chromatid.segregation,NPC,0.2867243867243867,0.033808524658541166,0.08603062078289493,PN
Proliferation__nuclear.division,NPC,0.26060606060606056,0.054647995156691484,0.1222751627759615,PN
Proliferation__mRNA.processing,NPC,0.33354978354978354,0.012825689320134408,0.03729919853304394,PN
Neural__central.nervous.system.neuron.differentiation,NPC,0.4809523809523809,2.017294204574393e-4,0.0010646830524142631,PN
Neural__regulation.of.postsynaptic.membrane.potential,NPC,0.43780663780663776,8.295604120711368e-4,0.0032982353252056914,PN
Neural__synapse.assembly,NPC,0.46507936507936504,3.468518758467324e-4,0.0017043583554537712,PN
Neural__regulation.of.synapse.structure.or.activity,NPC,0.48917748917748916,1.507357640869119e-4,8.423469169562723e-4,PN
Neural__axonogenesis,NPC,0.47272727272727266,2.680182801577658e-4,0.001364021604374344,PN
MesWoundHealing__cytokine.mediated.signaling.pathway,OPC,-0.14393939393939392,0.2944377727218859,0.4238119455845328,PN
MesWoundHealing__adaptive.immune.response,OPC,-0.09415584415584416,0.4941259960600817,0.6070082279186348,PN
MesWoundHealing__positive.regulation.of.cytokine.production,OPC,-0.10526695526695526,0.4443441742200097,0.5673478084510892,PN
MesWoundHealing__leukocyte.mediated.immunity,OPC,-0.09552669552669552,0.4878315935013453,0.6018701478263352,PN
MesWoundHealing__leukocyte.migration,OPC,-0.1336940836940837,0.3305007221298092,0.4594766136926615,PN
Proliferation__chromosome.segregation,OPC,-0.007864357864357864,0.9545572549531937,0.9716029202202149,PN
Proliferation__nuclear.chromosome.segregation,OPC,-0.025974025974025972,0.8506918335472282,0.9080418447976031,PN
Proliferation__sister.chromatid.segregation,OPC,-0.015295815295815295,0.9117450355158213,0.9376788144183017,PN
Proliferation__nuclear.division,OPC,-0.028860028860028857,0.8343240020546907,0.8972918512663655,PN
Proliferation__mRNA.processing,OPC,0.03542568542568543,0.7973563195887071,0.8706764409301975,PN
Neural__central.nervous.system.neuron.differentiation,OPC,0.11183261183261183,0.41628825268350556,0.5442300551137573,PN
Neural__regulation.of.postsynaptic.membrane.potential,OPC,0.28340548340548344,0.03601881167118414,0.08849449419213345,PN
Neural__synapse.assembly,OPC,0.4219336219336219,0.0013341749778332307,0.004874870111313727,PN
Neural__regulation.of.synapse.structure.or.activity,OPC,0.3193362193362193,0.017479915052670877,0.04884093911775686,PN
Neural__axonogenesis,OPC,0.24047619047619045,0.07697584306220483,0.15897184980237952,PN
MesWoundHealing__cytokine.mediated.signaling.pathway,Astrocyte,0.26010101010101006,0.055135565793590566,0.1222751627759615,PN
MesWoundHealing__adaptive.immune.response,Astrocyte,0.2538961038961039,0.06141805394996067,0.13161011560705857,PN
MesWoundHealing__positive.regulation.of.cytokine.production,Astrocyte,0.30101010101010095,0.025539214166147142,0.06866675506935788,PN
MesWoundHealing__leukocyte.mediated.immunity,Astrocyte,0.2598845598845599,0.05534559999332994,0.1222751627759615,PN
MesWoundHealing__leukocyte.migration,Astrocyte,0.2790764790764791,0.03908033877986286,0.09359576934673038,PN
Proliferation__chromosome.segregation,Astrocyte,-0.46197691197691193,3.844399250591737e-4,0.0017671835264816856,PN
Proliferation__nuclear.chromosome.segregation,Astrocyte,-0.4577200577200577,4.42033229793169e-4,0.0019381456998623567,PN
Proliferation__sister.chromatid.segregation,Astrocyte,-0.4376623376623376,8.332383979467009e-4,0.0032982353252056914,PN
Proliferation__nuclear.division,Astrocyte,-0.463059163059163,3.709274395039638e-4,0.0017664368784432994,PN
Proliferation__mRNA.processing,Astrocyte,-0.5217171717171717,4.413037373252614e-5,2.967085515092745e-4,PN
Neural__central.nervous.system.neuron.differentiation,Astrocyte,-0.03881673881673882,0.7784292554770087,0.8532782223497981,PN
Neural__regulation.of.postsynaptic.membrane.potential,Astrocyte,0.15577200577200576,0.25610285833174673,0.38214300850548594,PN
Neural__synapse.assembly,Astrocyte,0.20584415584415583,0.13162743778495473,0.2359359733881264,PN
Neural__regulation.of.synapse.structure.or.activity,Astrocyte,0.15036075036075036,0.273194208121795,0.4013420067768638,PN
Neural__axonogenesis,Astrocyte,0.05707070707070707,0.6789738676201612,0.780272388192524,PN
MesWoundHealing__cytokine.mediated.signaling.pathway,Oligodendrocyte,0.2553391053391053,0.05990794175191817,0.12934669241891425,PN
MesWoundHealing__adaptive.immune.response,Oligodendrocyte,0.2385281385281385,0.07947297728609469,0.16158560556696377,PN
MesWoundHealing__positive.regulation.of.cytokine.production,Oligodendrocyte,0.2427128427128427,0.07418580651204137,0.15546290335243965,PN
MesWoundHealing__leukocyte.mediated.immunity,Oligodendrocyte,0.27720057720057717,0.04047208881184314,0.09612121092812745,PN
MesWoundHealing__leukocyte.migration,Oligodendrocyte,0.29148629148629146,0.030834957212493463,0.08000293918428673,PN
Proliferation__chromosome.segregation,Oligodendrocyte,-0.4627705627705627,3.7448795831200105e-4,0.0017664368784432994,PN
Proliferation__nuclear.chromosome.segregation,Oligodendrocyte,-0.44206349206349205,7.274278263616804e-4,0.002961670435901127,PN
Proliferation__sister.chromatid.segregation,Oligodendrocyte,-0.42222222222222217,0.001322966656971303,0.004874870111313727,PN
Proliferation__nuclear.division,Oligodendrocyte,-0.4434343434343434,6.970395317403299e-4,0.002921415684499912,PN
Proliferation__mRNA.processing,Oligodendrocyte,-0.498989898989899,1.0543426297743298e-4,6.393354244376256e-4,PN
Neural__central.nervous.system.neuron.differentiation,Oligodendrocyte,0.1049062049062049,0.4459154705019087,0.5673478084510892,PN
Neural__regulation.of.postsynaptic.membrane.potential,Oligodendrocyte,0.11248196248196247,0.4135698363542174,0.5431677574237418,PN
Neural__synapse.assembly,Oligodendrocyte,0.17085137085137084,0.21233945056690973,0.3343466486827032,PN
Neural__regulation.of.synapse.structure.or.activity,Oligodendrocyte,0.19213564213564213,0.15992628235625095,0.274572231756214,PN
Neural__axonogenesis,Oligodendrocyte,0.13932178932178932,0.31036140006195584,0.4422649950882871,PN
MesWoundHealing__cytokine.mediated.signaling.pathway,Neuron,-0.03997113997113997,0.7720144205198354,0.8495139376376567,PN
MesWoundHealing__adaptive.immune.response,Neuron,-0.05043290043290043,0.7146169912436202,0.8146633700177269,PN
MesWoundHealing__positive.regulation.of.cytokine.production,Neuron,-0.026190476190476188,0.8494619863144119,0.9080418447976031,PN
MesWoundHealing__leukocyte.mediated.immunity,Neuron,-0.06002886002886002,0.6633058535058955,0.7693075739421291,PN
MesWoundHealing__leukocyte.migration,Neuron,0.01645021645021645,0.9051137993843508,0.9376788144183017,PN
Proliferation__chromosome.segregation,Neuron,-0.1676046176046176,0.2212869214397439,0.3409014735693352,PN
Proliferation__nuclear.chromosome.segregation,Neuron,-0.184992784992785,0.17633216022567413,0.2967577931553295,PN
Proliferation__sister.chromatid.segregation,Neuron,-0.1642135642135642,0.23090878860323888,0.3479236866167113,PN
Proliferation__nuclear.division,Neuron,-0.19949494949494948,0.14422540816710247,0.25530584675542983,PN
Proliferation__mRNA.processing,Neuron,-0.16385281385281383,0.23194912441114088,0.3479236866167113,PN
Neural__central.nervous.system.neuron.differentiation,Neuron,0.08679653679653679,0.5286251241927675,0.6383820355717743,PN
Neural__regulation.of.postsynaptic.membrane.potential,Neuron,0.40627705627705624,0.002085624818782055,0.007076227063724829,PN
Neural__synapse.assembly,Neuron,0.41147186147186143,0.0018025250440822042,0.006264873628822295,PN
Neural__regulation.of.synapse.structure.or.activity,Neuron,0.3336219336219336,0.012805093523459234,0.03729919853304394,PN
Neural__axonogenesis,Neuron,0.26486291486291486,0.05067578109312023,0.11462379056777194,PN
MesWoundHealing__cytokine.mediated.signaling.pathway,Radial glial,-0.032539682539682535,0.8135566015817559,0.8816107659726252,PN
MesWoundHealing__adaptive.immune.response,Radial glial,-0.11544011544011543,0.4013157987964431,0.5344626292382536,PN
MesWoundHealing__positive.regulation.of.cytokine.production,Radial glial,-0.1281385281385281,0.3511688223560566,0.4819186077746519,PN
MesWoundHealing__leukocyte.mediated.immunity,Radial glial,-0.1225108225108225,0.37289757176602056,0.5060752759681708,PN
MesWoundHealing__leukocyte.migration,Radial glial,-0.02222222222222222,0.8720627916050714,0.9129759096862734,PN
Proliferation__chromosome.segregation,Radial glial,0.5016594516594517,9.548322765317683e-5,5.915808669816391e-4,PN
Proliferation__nuclear.chromosome.segregation,Radial glial,0.5249639249639249,3.876813777617617e-5,2.762229816552552e-4,PN
Proliferation__sister.chromatid.segregation,Radial glial,0.5266233766233765,3.626567750446287e-5,2.7199258128347153e-4,PN
Proliferation__nuclear.division,Radial glial,0.48737373737373735,1.607844576122191e-4,8.645956682921216e-4,PN
Proliferation__mRNA.processing,Radial glial,0.26536796536796536,0.05022050833263185,0.11450275899840061,PN
Neural__central.nervous.system.neuron.differentiation,Radial glial,0.23369408369408368,0.0859462036441897,0.17010186137912545,PN
Neural__regulation.of.postsynaptic.membrane.potential,Radial glial,0.03405483405483405,0.8050413317267846,0.8757128990157771,PN
Neural__synapse.assembly,Radial glial,-0.1207070707070707,0.3800294583757402,0.5133099319293174,PN
Neural__regulation.of.synapse.structure.or.activity,Radial glial,-0.0010101010101010099,0.9941602991801541,0.9976608636138872,PN
Neural__axonogenesis,Radial glial,0.04696969696969697,0.733462152606567,0.8219561118386276,PN
MesWoundHealing__cytokine.mediated.signaling.pathway,Monocytes,0.5084415584415584,7.394808838139695e-5,4.683378930821806e-4,PN
MesWoundHealing__adaptive.immune.response,Monocytes,0.5502886002886003,1.3465091895624652e-5,1.0964431972151502e-4,PN
MesWoundHealing__positive.regulation.of.cytokine.production,Monocytes,0.5642857142857143,7.226457588138211e-6,6.241031553392091e-5,PN
MesWoundHealing__leukocyte.mediated.immunity,Monocytes,0.5544011544011543,1.124760052017861e-5,9.428135730149717e-5,PN
MesWoundHealing__leukocyte.migration,Monocytes,0.5339826839826839,2.6861810953493206e-5,2.1265600338182122e-4,PN
Proliferation__chromosome.segregation,Monocytes,-0.1965367965367965,0.15039251376554602,0.262417429496668,PN
Proliferation__nuclear.chromosome.segregation,Monocytes,-0.20772005772005772,0.1280687613287693,0.23248150941846654,PN
Proliferation__sister.chromatid.segregation,Monocytes,-0.21464646464646464,0.11555638939307487,0.21784521586790273,PN
Proliferation__nuclear.division,Monocytes,-0.2481240981240981,0.0677672600553795,0.14413185907300866,PN
Proliferation__mRNA.processing,Monocytes,-0.26709956709956706,0.04868478896634605,0.11189649076942439,PN
Neural__central.nervous.system.neuron.differentiation,Monocytes,0.047113997113997115,0.7326737247190738,0.8219561118386276,PN
Neural__regulation.of.postsynaptic.membrane.potential,Monocytes,0.18441558441558442,0.17770920324809486,0.2967577931553295,PN
Neural__synapse.assembly,Monocytes,0.09891774891774892,0.4724435790085355,0.5879756332638979,PN
Neural__regulation.of.synapse.structure.or.activity,Monocytes,0.1375180375180375,0.31672874957007074,0.4490930031217421,PN
Neural__axonogenesis,Monocytes,0.08823953823953823,0.5217679619104856,0.63278242189144,PN
MesWoundHealing__cytokine.mediated.signaling.pathway,TAM,0.7331890331890332,1.9489360673130228e-10,6.2097287801209675e-9,PN
MesWoundHealing__adaptive.immune.response,TAM,0.7751803751803751,3.730638554237699e-12,3.544106626525814e-10,PN
MesWoundHealing__positive.regulation.of.cytokine.production,TAM,0.7602453102453102,1.6700343242142224e-11,9.519195648021067e-10,PN
MesWoundHealing__leukocyte.mediated.immunity,TAM,0.7829725829725829,1.6297608285752111e-12,3.544106626525814e-10,PN
MesWoundHealing__leukocyte.migration,TAM,0.7457431457431457,6.475492067092097e-11,2.636450341601782e-9,PN
Proliferation__chromosome.segregation,TAM,-0.4272005772005772,0.0011424524414120397,0.004428344502614193,PN
Proliferation__nuclear.chromosome.segregation,TAM,-0.4238816738816738,0.0012601406438634568,0.004788534446681135,PN
Proliferation__sister.chromatid.segregation,TAM,-0.41176046176046177,0.0017878543805249344,0.006264873628822295,PN
Proliferation__nuclear.division,TAM,-0.4525974025974026,5.21646315546986e-4,0.0022525636353165302,PN
Proliferation__mRNA.processing,TAM,-0.46767676767676764,3.179850016541779e-4,0.0015899250082708895,PN
Neural__central.nervous.system.neuron.differentiation,TAM,0.02178932178932179,0.8745348187521145,0.9129759096862734,PN
Neural__regulation.of.postsynaptic.membrane.potential,TAM,0.06998556998556997,0.6116436066428907,0.7173597855688225,PN
Neural__synapse.assembly,TAM,-0.0038239538239538237,0.9778951169659773,0.9882982565081686,PN
Neural__regulation.of.synapse.structure.or.activity,TAM,0.06176046176046175,0.6541997428895117,0.7641267488668476,PN
Neural__axonogenesis,TAM,0.01479076479076479,0.9146481066957468,0.9376788144183017,PN
MesWoundHealing__cytokine.mediated.signaling.pathway,Microglia,0.7143578643578643,9.110326758477656e-10,1.9972639432047168e-8,PN
MesWoundHealing__adaptive.immune.response,Microglia,0.7699855699855699,6.36370153449692e-12,4.5341373433290554e-10,PN
MesWoundHealing__positive.regulation.of.cytokine.production,Microglia,0.7567099567099567,2.344000586112587e-11,1.1134002784034789e-9,PN
MesWoundHealing__leukocyte.mediated.immunity,Microglia,0.7773448773448772,2.973892188007774e-12,3.544106626525814e-10,PN
MesWoundHealing__leukocyte.migration,Microglia,0.7285714285714285,2.878322419648653e-10,7.457471723635147e-9,PN
Proliferation__chromosome.segregation,Microglia,-0.42698412698412697,0.0011498157655910537,0.004428344502614193,PN
Proliferation__nuclear.chromosome.segregation,Microglia,-0.4196969696969697,0.0014239646977466508,0.005137087833642981,PN
Proliferation__sister.chromatid.segregation,Microglia,-0.4126984126984127,0.0017409079748405428,0.006201984660369433,PN
Proliferation__nuclear.division,Microglia,-0.4493506493506493,5.7860485962004e-4,0.0024612296267419614,PN
Proliferation__mRNA.processing,Microglia,-0.4624819624819625,3.78079472228215e-4,0.0017664368784432994,PN
Neural__central.nervous.system.neuron.differentiation,Microglia,0.07445887445887445,0.5890113500881955,0.6936703916327922,PN
Neural__regulation.of.postsynaptic.membrane.potential,Microglia,0.10266955266955266,0.45572582977360054,0.5751000425114325,PN
Neural__synapse.assembly,Microglia,0.025180375180375178,0.8552042711686998,0.9094523032950725,PN
Neural__regulation.of.synapse.structure.or.activity,Microglia,0.10649350649350649,0.43902479052849697,0.5661631914055278,PN
Neural__axonogenesis,Microglia,0.05937950937950937,0.6667332307498453,0.7693075739421291,PN
MesWoundHealing__cytokine.mediated.signaling.pathway,DC,0.6628427128427128,3.522848177732517e-8,3.861583579437566e-7,PN
MesWoundHealing__adaptive.immune.response,DC,0.7331168831168831,1.960966983196095e-10,6.2097287801209675e-9,PN
MesWoundHealing__positive.regulation.of.cytokine.production,DC,0.7188311688311688,6.38751062081012e-10,1.5170337724424036e-8,PN
MesWoundHealing__leukocyte.mediated.immunity,DC,0.7305916305916305,2.429278595318002e-10,6.9234439966563055e-9,PN
MesWoundHealing__leukocyte.migration,DC,0.6673881673881674,2.626333467663834e-8,3.394860731610419e-7,PN
Proliferation__chromosome.segregation,DC,-0.38939393939393935,0.0032987598407959954,0.010931936681707659,PN
Proliferation__nuclear.chromosome.segregation,DC,-0.3662337662337662,0.0059608122287616375,0.01826700521717276,PN
Proliferation__sister.chromatid.segregation,DC,-0.35873015873015873,0.0071566594183875435,0.02146997825516263,PN
Proliferation__nuclear.division,DC,-0.39776334776334776,0.002635877047314692,0.008837940688055145,PN
Proliferation__mRNA.processing,DC,-0.42251082251082245,0.0013118427820642264,0.004874870111313727,PN
Neural__central.nervous.system.neuron.differentiation,DC,0.0997113997113997,0.4688800171652485,0.5861000214565606,PN
Neural__regulation.of.postsynaptic.membrane.potential,DC,0.0886002886002886,0.5200606431113464,0.63278242189144,PN
Neural__synapse.assembly,DC,0.01911976911976912,0.8898044022773943,0.9255264768213773,PN
Neural__regulation.of.synapse.structure.or.activity,DC,0.1168109668109668,0.3957096846399264,0.5294707047999015,PN
Neural__axonogenesis,DC,0.050577200577200575,0.7138353421981443,0.8146633700177269,PN
MesWoundHealing__cytokine.mediated.signaling.pathway,Mast cells,0.5225829725829725,4.2637360952124376e-5,2.9638165539891333e-4,PN
MesWoundHealing__adaptive.immune.response,Mast cells,0.48831168831168825,1.554852055683255e-4,8.521785305187072e-4,PN
MesWoundHealing__positive.regulation.of.cytokine.production,Mast cells,0.496031746031746,1.175647379816093e-4,6.980406317658052e-4,PN
MesWoundHealing__leukocyte.mediated.immunity,Mast cells,0.4893939393939394,1.4956931130833762e-4,8.423469169562723e-4,PN
MesWoundHealing__leukocyte.migration,Mast cells,0.5669552669552669,6.396884098046098e-6,5.6972248998223064e-5,PN
Proliferation__chromosome.segregation,Mast cells,-0.21428571428571427,0.11618411512954813,0.21784521586790273,PN
Proliferation__nuclear.chromosome.segregation,Mast cells,-0.1712121212121212,0.21136119151802488,0.3343466486827032,PN
Proliferation__sister.chromatid.segregation,Mast cells,-0.16839826839826838,0.2190759096788672,0.33932953401346283,PN
Proliferation__nuclear.division,Mast cells,-0.19992784992784993,0.1433389364614971,0.25530584675542983,PN
Proliferation__mRNA.processing,Mast cells,-0.36666666666666664,0.0058975025377062725,0.01826700521717276,PN
Neural__central.nervous.system.neuron.differentiation,Mast cells,-0.08109668109668108,0.5561392050105285,0.6631785499079523,PN
Neural__regulation.of.postsynaptic.membrane.potential,Mast cells,-0.049711399711399706,0.718529585440643,0.8158602862573039,PN
Neural__synapse.assembly,Mast cells,-0.22142857142857142,0.1042311746182483,0.20071543760946461,PN
Neural__regulation.of.synapse.structure.or.activity,Mast cells,-0.11998556998556999,0.38290486054276796,0.5147541757296644,PN
Neural__axonogenesis,Mast cells,-0.17691197691197688,0.1963231642859506,0.31820999768852876,PN
MesWoundHealing__cytokine.mediated.signaling.pathway,T cells,0.6804473304473304,1.097385488496801e-8,1.4893088772456584e-7,PN
MesWoundHealing__adaptive.immune.response,T cells,0.7111832611832611,1.1673770132032485e-9,2.255559034607893e-8,PN
MesWoundHealing__positive.regulation.of.cytokine.production,T cells,0.6945887445887445,4.051142221771782e-9,5.772877666024789e-8,PN
MesWoundHealing__leukocyte.mediated.immunity,T cells,0.7093795093795093,1.3420089810976753e-9,2.3904534975802342e-8,PN
MesWoundHealing__leukocyte.migration,T cells,0.6441558441558441,1.1197424630974547e-7,1.139737864224195e-6,PN
Proliferation__chromosome.segregation,T cells,-0.24754689754689754,0.06843000490185257,0.14446334368168876,PN
Proliferation__nuclear.chromosome.segregation,T cells,-0.23124098124098125,0.08938572495312994,0.17448583295645229,PN
Proliferation__sister.chromatid.segregation,T cells,-0.21363636363636362,0.11732057561403703,0.2185383271241866,PN
Proliferation__nuclear.division,T cells,-0.26890331890331887,0.04712602746003755,0.1091944538708187,PN
Proliferation__mRNA.processing,T cells,-0.2901154401154401,0.031667729859589,0.08130903612597176,PN
Neural__central.nervous.system.neuron.differentiation,T cells,0.024242424242424242,0.8605430771925714,0.9100863248138271,PN
Neural__regulation.of.postsynaptic.membrane.potential,T cells,-0.0013708513708513709,0.9920747496056478,0.9976608636138872,PN
Neural__synapse.assembly,T cells,-0.07662337662337662,0.5781968314677368,0.6866087373679375,PN
Neural__regulation.of.synapse.structure.or.activity,T cells,0.02395382395382395,0.8621870445604678,0.9100863248138271,PN
Neural__axonogenesis,T cells,-0.04105339105339105,0.7660142209964292,0.8461784999379159,PN
MesWoundHealing__cytokine.mediated.signaling.pathway,NK cells,0.7109668109668109,1.1871363340041542e-9,2.255559034607893e-8,PN
MesWoundHealing__adaptive.immune.response,NK cells,0.7042568542568542,1.982642977663491e-9,3.139184714633861e-8,PN
MesWoundHealing__positive.regulation.of.cytokine.production,NK cells,0.6965367965367965,3.5158000089510895e-9,5.273700013426634e-8,PN
MesWoundHealing__leukocyte.mediated.immunity,NK cells,0.705050505050505,1.867326694623729e-9,3.130518282163311e-8,PN
MesWoundHealing__leukocyte.migration,NK cells,0.6520923520923521,6.918996141919052e-8,7.30338481647011e-7,PN
Proliferation__chromosome.segregation,NK cells,-0.21479076479076475,0.11530602556260164,0.21784521586790273,PN
Proliferation__nuclear.chromosome.segregation,NK cells,-0.1896103896103896,0.16559303350778512,0.28259888951927403,PN
Proliferation__sister.chromatid.segregation,NK cells,-0.17518037518037516,0.20080880007310487,0.3233362035075417,PN
Proliferation__nuclear.division,NK cells,-0.22251082251082252,0.10250608553637705,0.19873628828481263,PN
Proliferation__mRNA.processing,NK cells,-0.3645021645021645,0.006220037191985377,0.01885862340123226,PN
Neural__central.nervous.system.neuron.differentiation,NK cells,-0.048629148629148626,0.7244119128903612,0.8192753776736228,PN
Neural__regulation.of.postsynaptic.membrane.potential,NK cells,-0.0759018759018759,0.5817915818448356,0.6880107918082081,PN
Neural__synapse.assembly,NK cells,-0.20584415584415583,0.13162743778495473,0.2359359733881264,PN
Neural__regulation.of.synapse.structure.or.activity,NK cells,-0.09199134199134198,0.5041497884630451,0.6166639043432097,PN
Neural__axonogenesis,NK cells,-0.1145021645021645,0.4051781023648481,0.5361837351484247,PN
MesWoundHealing__cytokine.mediated.signaling.pathway,B cells,0.5898989898989899,2.143543581552515e-6,2.036366402474889e-5,PN
MesWoundHealing__adaptive.immune.response,B cells,0.6667388167388166,2.7397121693698116e-8,3.394860731610419e-7,PN
MesWoundHealing__positive.regulation.of.cytokine.production,B cells,0.6655844155844156,2.952737914831691e-8,3.506376273862633e-7,PN
MesWoundHealing__leukocyte.mediated.immunity,B cells,0.6639971139971139,3.271212779278019e-8,3.7291825683769415e-7,PN
MesWoundHealing__leukocyte.migration,B cells,0.5975468975468975,1.4608822534204159e-6,1.4356946283614431e-5,PN
Proliferation__chromosome.segregation,B cells,-0.3036075036075036,0.02423540252944017,0.06578180686562332,PN
Proliferation__nuclear.chromosome.segregation,B cells,-0.28448773448773446,0.03528528331135863,0.08744613690206268,PN
Proliferation__sister.chromatid.segregation,B cells,-0.2829004329004329,0.03636542147468126,0.08858243692550563,PN
Proliferation__nuclear.division,B cells,-0.33023088023088015,0.013804380573050138,0.03973988346787161,PN
Proliferation__mRNA.processing,B cells,-0.28167388167388163,0.0372186952560374,0.08989261142348016,PN
Neural__central.nervous.system.neuron.differentiation,B cells,0.19812409812409812,0.14705949930846632,0.25871578582045,PN
Neural__regulation.of.postsynaptic.membrane.potential,B cells,0.17373737373737375,0.20460193970427398,0.3275929933467308,PN
Neural__synapse.assembly,B cells,0.13455988455988455,0.32735005388512894,0.45732728116304777,PN
Neural__regulation.of.synapse.structure.or.activity,B cells,0.23535353535353531,0.08367898369982946,0.1667727996814783,PN
Neural__axonogenesis,B cells,0.17734487734487733,0.195212984495936,0.31820999768852876,PN
MesWoundHealing__cytokine.mediated.signaling.pathway,Plasma B,0.304040404040404,0.024023645348046237,0.06578180686562332,PN
MesWoundHealing__adaptive.immune.response,Plasma B,0.29141414141414135,0.030878327404461548,0.08000293918428673,PN
MesWoundHealing__positive.regulation.of.cytokine.production,Plasma B,0.29978354978354976,0.026175096530214388,0.06971871505711309,PN
MesWoundHealing__leukocyte.mediated.immunity,Plasma B,0.32828282828282823,0.01440813584750745,0.04106318716539623,PN
MesWoundHealing__leukocyte.migration,Plasma B,0.3364357864357864,0.012023723572787777,0.035695429356713715,PN
Proliferation__chromosome.segregation,Plasma B,-0.47922077922077916,2.1429230976719032e-4,0.0011104237869754407,PN
Proliferation__nuclear.chromosome.segregation,Plasma B,-0.4593073593073593,4.197014672796321e-4,0.0018911756545096443,PN
Proliferation__sister.chromatid.segregation,Plasma B,-0.4422799422799423,7.225515924958422e-4,0.002961670435901127,PN
Proliferation__nuclear.division,Plasma B,-0.4589466089466089,4.246850592583061e-4,0.0018911756545096443,PN
Proliferation__mRNA.processing,Plasma B,-0.4911255411255411,1.4053055915777874e-4,8.17371619591162e-4,PN
Neural__central.nervous.system.neuron.differentiation,Plasma B,0.10259740259740259,0.45604424423713597,0.5751000425114325,PN
Neural__regulation.of.postsynaptic.membrane.potential,Plasma B,0.04191919191919192,0.7612238401333231,0.8450434365072359,PN
Neural__synapse.assembly,Plasma B,0.12864357864357864,0.34925770295657466,0.4819186077746519,PN
Neural__regulation.of.synapse.structure.or.activity,Plasma B,0.1642135642135642,0.23090878860323888,0.3479236866167113,PN
Neural__axonogenesis,Plasma B,0.1005050505050505,0.46533095246143474,0.5842260856894665,PN
MesWoundHealing__cytokine.mediated.signaling.pathway,Mural cell,0.14170274170274172,0.30208310103216224,0.4326315768551067,PN
MesWoundHealing__adaptive.immune.response,Mural cell,0.14595959595959596,0.2876415742985161,0.41613121154861465,PN
MesWoundHealing__positive.regulation.of.cytokine.production,Mural cell,0.16457431457431457,0.22987167799984992,0.3479236866167113,PN
MesWoundHealing__leukocyte.mediated.immunity,Mural cell,0.1227994227994228,0.3717639913618138,0.5060752759681708,PN
MesWoundHealing__leukocyte.migration,Mural cell,0.21587301587301586,0.11344148423914543,0.21698538931648623,PN
Proliferation__chromosome.segregation,Mural cell,0.022582972582972583,0.8700036946990222,0.9129759096862734,PN
Proliferation__nuclear.chromosome.segregation,Mural cell,0.005988455988455987,0.9653891669486148,0.979131361495926,PN
Proliferation__sister.chromatid.segregation,Mural cell,0.011471861471861472,0.9337512274677501,0.9538318990261963,PN
Proliferation__nuclear.division,Mural cell,-0.029797979797979796,0.8290190847848523,0.8949637847109202,PN
Proliferation__mRNA.processing,Mural cell,-0.04660894660894661,0.7354344158556142,0.8219561118386276,PN
Neural__central.nervous.system.neuron.differentiation,Mural cell,-7.215007215007214e-5,0.9995828749137995,0.9995828749137995,PN
Neural__regulation.of.postsynaptic.membrane.potential,Mural cell,0.23297258297258297,0.0869468648093186,0.17089556186659172,PN
Neural__synapse.assembly,Mural cell,0.16969696969696968,0.21549121503111596,0.3374450345267475,PN
Neural__regulation.of.synapse.structure.or.activity,Mural cell,0.1484126984126984,0.2795283532945197,0.4064570443313169,PN
Neural__axonogenesis,Mural cell,0.08492063492063492,0.537605557234718,0.6464876954088381,PN
MesWoundHealing__cytokine.mediated.signaling.pathway,Endothelial,0.127994227994228,0.3517160365513249,0.4819186077746519,PN
MesWoundHealing__adaptive.immune.response,Endothelial,0.17229437229437228,0.2084454180599699,0.3318823695368236,PN
MesWoundHealing__positive.regulation.of.cytokine.production,Endothelial,0.19595959595959594,0.15161828567409258,0.262417429496668,PN
MesWoundHealing__leukocyte.mediated.immunity,Endothelial,0.15367965367965367,0.26262387584837943,0.3898323157124382,PN
MesWoundHealing__leukocyte.migration,Endothelial,0.20786435786435786,0.12779805690949814,0.23248150941846654,PN
Proliferation__chromosome.segregation,Endothelial,-0.1142135642135642,0.40637083084933234,0.5361837351484247,PN
Proliferation__nuclear.chromosome.segregation,Endothelial,-0.13686868686868683,0.319041227262404,0.45013242460289676,PN
Proliferation__sister.chromatid.segregation,Endothelial,-0.13499278499278497,0.3257818468895679,0.45732728116304777,PN
Proliferation__nuclear.division,Endothelial,-0.16839826839826838,0.2190759096788672,0.33932953401346283,PN
Proliferation__mRNA.processing,Endothelial,-0.10844155844155842,0.4306498496949891,0.5578873052866904,PN
Neural__central.nervous.system.neuron.differentiation,Endothelial,0.015079365079365078,0.9129890709984094,0.9376788144183017,PN
Neural__regulation.of.postsynaptic.membrane.potential,Endothelial,0.31327561327561326,0.019863819283540387,0.05496299510494185,PN
Neural__synapse.assembly,Endothelial,0.3198412698412698,0.01729275079913438,0.04879637601735939,PN
Neural__regulation.of.synapse.structure.or.activity,Endothelial,0.23816738816738814,0.07994235222786629,0.16158560556696377,PN
Neural__axonogenesis,Endothelial,0.15194805194805194,0.268104094425244,0.3959050099025624,PN
