ID,Description,setSize,enrichmentScore,NES,pvalue,p.adjust,qvalue,rank,leading_edge,core_enrichment
hsa04060,Cytokine-cytokine receptor interaction,210,0.6051415301647314,2.9342045035473956,7.872841376317289e-29,2.78698584721632e-26,1.4999834622246626e-26,3382,"tags=60%, list=21%, signal=48%",CLCF1/TNFRSF1A/FAS/TNFRSF14/IL13RA1/CXCL14/CSF1/IL17RC/IL15/CSF3/CCL2/TNFSF14/CXCL5/LTBR/TGFBR2/CCR2/CXCL3/LIF/TNFRSF1B/OSMR/IL4R/TNFSF13/CXCR4/IL2RA/TNFRSF11B/IL7R/IL15RA/IL1R1/CCR5/CSF3R/CCL20/TGFB3/TNFSF4/GDF15/CD4/CXCL13/CSF1R/IL10/TNFSF8/OSM/CXCL1/CCR1/IL32/CCL26/TNFRSF11A/CCL5/IL2RB/TSLP/CSF2RB/CXCL6/TNFSF10/IL10RA/IL18R1/TNFRSF18/TNFRSF12A/CXCL16/IL16/IL18/CD70/CTF1/CXCL2/CCL18/IL6/CD40/TNFSF13B/CCL7/IL1A/IFNGR2/TNFRSF10A/IL20RA/IL31RA/TNFRSF10C/CXCL8/IL1B/IL12RB1/IL21R/IL6R/TGFB1/CXCL10/CCR4/TNFRSF10B/CXCL11/TNFRSF10D/TNFRSF9/IL1R2/IL17RA/IL22RA1/CXCR3/CCL8/TNFSF12/TNFRSF8/CXCL12/CSF2RA/CCL13/CXCR2/EDA2R/IL11/GDF5/EBI3/IL1RL1/IL1RN/IFNGR1/IFNLR1/IL36B/CCL22/IL18RAP/EPOR/IL2RG/IL6ST/TNFSF15/IL34/PRLR/CCR10/TGFB2/IL7/IL23A/NGF/CXCR1/IL27RA/ACVR1/XCR1/INHBB/PPBP/CX3CL1/IL1RL2/LTB/CCL28
hsa04061,Viral protein interaction with cytokine and cytokine receptor,75,0.7337074901107152,3.0696920602054907,6.2002721698275065e-21,1.0974481740594687e-18,5.906575067046204e-19,3382,"tags=79%, list=21%, signal=63%",TNFRSF1A/TNFRSF14/CXCL14/CSF1/CCL2/TNFSF14/CXCL5/LTBR/CCR2/CXCL3/TNFRSF1B/CXCR4/IL2RA/CCR5/CCL20/CXCL13/CSF1R/IL10/CXCL1/CCR1/CCL26/CCL5/IL2RB/CXCL6/TNFSF10/IL10RA/IL18R1/IL18/CXCL2/CCL18/IL6/CCL7/TNFRSF10A/IL20RA/TNFRSF10C/CXCL8/IL6R/CXCL10/CCR4/TNFRSF10B/CXCL11/TNFRSF10D/IL22RA1/CXCR3/CCL8/CXCL12/CCL13/CXCR2/CCL22/IL18RAP/IL2RG/IL6ST/IL34/CCR10/CXCR1/XCR1/PPBP/CX3CL1/CCL28
hsa04621,NOD-like receptor signaling pathway,154,0.5851328463382521,2.7463837219172373,1.9816222472800627e-19,2.338314251790474e-17,1.2585039535357594e-17,2903,"tags=49%, list=18%, signal=40%",TRIP6/CARD16/GSDMD/CASP8/CASP4/CASP1/NAMPT/CCL2/BIRC3/GBP1/CAMP/CXCL3/TNFAIP3/CTSB/TANK/GBP3/IKBKE/RIPK1/CARD6/TRPM2/PYCARD/CXCL1/NOD2/NFKB1/CCL5/STING1/PLCB2/MAP1LC3C/CYBA/ANTXR2/IRF3/NLRP3/IL18/TICAM1/PRKCD/CXCL2/NFKBIA/CYBB/MAPK13/IL6/NLRP12/NLRP1/RIPK3/TRPV2/CASP5/GPSM3/NLRX1/CXCL8/IL1B/GBP4/GBP5/PSTPIP1/JUN/NLRP6/CARD9/IFI16/OAS1/OAS2/MYD88/TRAF5/IKBKB/IRAK4/RBCK1/MEFV/BCL2L1/STAT2/OAS3/GBP2/NLRC4/IRF7/ITPR3/VDAC1/RNASEL/TLR4/NAIP
hsa05150,Staphylococcus aureus infection,56,0.7682801438558274,3.061586590999198,5.379377892311886e-19,4.0873464328378565e-17,2.1998504440786563e-17,1927,"tags=68%, list=12%, signal=60%",FCGR2B/C1R/C1S/C5AR1/FCGR2A/CFH/CAMP/CFI/ITGB2/ICAM1/ITGAM/FCGR3A/FPR2/C3/IL10/C3AR1/C2/HLA-DMA/C1QA/C1QC/FPR1/SELPLG/C1QB/HLA-DPB1/FCAR/HLA-DRB1/CFD/HLA-DMB/HLA-DQB1/HLA-DOA/FCGR1A/HLA-DRA/PTAFR/FPR3/HLA-DQA1/CFB/KRT18/HLA-DPA1
hsa04380,Osteoclast differentiation,130,0.6110087152738638,2.7997822367051826,5.773088181974374e-19,4.0873464328378565e-17,2.1998504440786563e-17,2915,"tags=58%, list=18%, signal=48%",FCGR2B/TNFRSF1A/RELB/CSF1/FCGR2A/LILRB2/TGFBR2/FOSL1/TNFRSF11B/LILRA5/SQSTM1/OSCAR/IL1R1/NFATC2/SOCS1/FCGR3A/NFKB2/SOCS3/NCF2/LCP2/CSF1R/NCF4/LILRB1/TEC/NFKB1/TNFRSF11A/JUNB/LILRB3/LOC102725035/LOC107987425/LOC107987462/FOSL2/CYBA/PLCG2/SPI1/NCF1/NFKBIA/MAPK13/LCK/BTK/IL1A/PIK3CD/IFNGR2/SIRPA/TMEM64/FCGR1A/IL1B/SYK/TGFB1/JUN/LILRA6/TYROBP/LILRA1/MAP3K14/LILRB4/LILRA2/IKBKB/PPARG/ATP2A3/IFNGR1/STAT2/GRB2/SIRPG/MAP2K1/FOSB/FHL2/ACP5/TREM2/ITPR3/SIRPB1/BLNK/FOS/LILRB5/TGFB2/FCGR3B
hsa04640,Hematopoietic cell lineage,78,0.7011045057782181,2.9472909446992244,2.7837840766647586e-18,1.6424326052322076e-16,8.839735401338971e-17,3267,"tags=74%, list=20%, signal=60%",CSF1/CD44/CSF3/IL4R/CD14/IL2RA/CD7/IL7R/CD33/IL1R1/ITGA5/CSF3R/ITGAM/CD4/CSF1R/MME/HLA-DMA/ANPEP/CR1/ITGA3/HLA-DPB1/HLA-DRB1/IL6/IL1A/HLA-DMB/CD2/HLA-DQB1/HLA-DOA/CD3E/FCGR1A/HLA-DRA/CD1D/IL1B/CD3G/IL6R/CD59/ITGA2/CD3D/CD37/IL1R2/HLA-DQA1/CD55/HLA-DPA1/CD8B/CSF2RA/IL11/CD5/EPOR/ITGA4/CD34/IL7/FLT3/ITGA6/KITLG/TFRC/HLA-DRB5/HLA-DQB2/ITGB3
hsa04610,Complement and coagulation cascades,65,0.7302405553972587,2.9844994550181045,3.924112941735012e-18,1.984479973391706e-16,1.0680668307579508e-16,1944,"tags=58%, list=12%, signal=52%",C1R/SERPINA1/PLAUR/C1S/C5AR1/CFH/CFI/SERPING1/F3/ITGB2/SERPINE1/CLU/ITGAM/C3/PROS1/THBD/F13A1/PROCR/C3AR1/C2/C1QA/CR1/VSIG4/C1QC/BDKRB2/C1QB/C7/F2RL2/A2M/CFD/PLAU/C4BPA/CD59/C6/F8/CFB/CD55/ADTRP
hsa04064,NF-kappa B signaling pathway,98,0.6375795720105496,2.795780506833092,3.4910752821727586e-17,1.5448008123614457e-15,8.314271395700913e-16,2162,"tags=51%, list=13%, signal=44%",TNFRSF1A/RELB/TNFSF14/BIRC3/LTBR/CXCL3/TNFAIP3/CD14/LYN/IL1R1/ICAM1/LBP/RIPK1/GADD45B/NFKB2/LY96/TRADD/CXCL1/NFKB1/TNFRSF11A/PTGS2/BCL2A1/CFLAR/GADD45A/PLCG2/TICAM1/CXCL2/NFKBIA/LCK/BTK/CD40/TNFSF13B/PLAU/TRAF1/CARD11/IRAK1/PPP1R13L/CXCL8/IL1B/VCAM1/SYK/MAP3K14/MYD88/TRAF5/IKBKB/CXCL12/IRAK4/CCL13/EDA2R/BCL2L1
hsa05168,Herpes simplex virus 1 infection,155,0.562940723339699,2.6415895953337327,8.394234332102209e-17,3.301732170626869e-15,1.7770250457432747e-15,3477,"tags=52%, list=21%, signal=41%",TNFRSF1A/SP100/FAS/CASP8/TNFRSF14/TAPBP/CCL2/TNFSF14/BST2/BIRC3/TAPBPL/TLR2/HLA-E/ITGA5/IKBKE/SOCS3/C3/NECTIN2/TRADD/PML/NFKB1/CCL5/STING1/HLA-DMA/HLA-A/PDIA3/IRF3/PILRA/HLA-DPB1/HLA-C/TICAM1/NFKBIA/CD74/HLA-DRB1/IL6/HLA-B/HLA-DMB/PIK3CD/IRAK1/HLA-DQB1/IFNGR2/B2M/HLA-DOA/HLA-DRA/IL1B/SYK/TLR3/HLA-F/CARD9/TAP1/OAS1/OAS2/HLA-DQA1/POU2F3/MYD88/HLA-DPA1/TAP2/TRAF5/IKBKB/IRAK4/IFIH1/BCL2L1/CALR/IFNGR1/STAT2/OAS3/NXF3/IRF7/PPP1CB/HLA-G/CASP3/RNASEL/ZC3HAV1/HLA-DRB5/HLA-DQB2/ITGB3/BAK1/TYK2/BAX/IFNAR1/POU2F2
hsa05152,Tuberculosis,153,0.5607813969161483,2.6296941143928607,1.3347430216969683e-16,4.724990296807268e-15,2.5430367044963295e-15,3283,"tags=52%, list=20%, signal=42%",FCGR2B/TNFRSF1A/CASP8/MRC2/TCIRG1/VDR/CLEC7A/FCGR2A/PLK3/CAMP/TLR2/CD14/ITGB2/TGFB3/LAMP2/ITGAM/LBP/IRAK2/CEBPB/FCGR3A/C3/CTSS/IL10/TRADD/NOD2/NFKB1/HLA-DMA/LSP1/CR1/IL10RA/FCER1G/NOS2/CTSD/HLA-DPB1/CASP10/IL18/CORO1A/CD74/TLR1/HLA-DRB1/MAPK13/IL6/IL1A/HLA-DMB/IRAK1/HLA-DQB1/IFNGR2/MRC1/HLA-DOA/FCGR1A/HLA-DRA/IL1B/TLR6/SYK/TGFB1/CALML6/LAMP1/CARD9/HLA-DQA1/MYD88/CAMK2D/HLA-DPA1/IRAK4/CIITA/IFNGR1/PLA2R1/CD209/CASP3/SPHK1/TGFB2/IL23A/TLR4/MALT1/FCGR3B/HLA-DRB5/ITGAX/HLA-DQB2/ATP6AP1/RHOA
hsa04145,Phagocytosis,225,0.48800219650089816,2.382599485875237,1.1821793632492111e-15,3.80446813263837e-14,2.0476025334747105e-14,3273,"tags=45%, list=20%, signal=37%",FCGR2B/MRC2/TCIRG1/RAB27A/CLEC7A/FCGR2A/MARCO/TLR2/CD14/CTSB/ITGB2/HLA-E/ITGA5/LAMP2/ITGAM/FCGR3A/CTSL/MSR1/CD63/C3/NCF2/ITGB5/CTSS/NCF4/RAC2/LTF/VAMP3/HLA-DMA/HLA-A/ANPEP/CR1/THBS1/MAP1LC3C/CYBA/CTSD/LYZ/HLA-DPB1/FCAR/HLA-C/DYNLT3/RILP/CORO1A/HVCN1/NCF1/CYBB/TLR1/HLA-DRB1/HLA-B/HLA-DMB/PIK3CD/HLA-DQB1/MRC1/HLA-DOA/FCGR1A/HLA-DRA/TIMD4/TLR6/SYK/ITGA2/TUBA1C/COLEC11/HLA-F/LAMP1/COLEC12/LCN2/TAP1/ATP6V0E1/HLA-DQA1/HLA-DPA1/TUBA4A/ITGB1/TAP2/TUBB6/COMP/M6PR/SEC61G/ITGAV/CALR/ACTB/THBS3/FCN1/PLA2R1/DYNLRB2/ATG4A/THBS4/VAMP7/CANX/HLA-G/CD209/FCN3/SNAP23/OLR1/TLR4/FCGR3B/SEC61A1/ELANE/SEC22B/ATP6V1B2/HLA-DRB5/HLA-DQB2/ITGB3/ATP6AP1
hsa05140,Leishmaniasis,70,0.6869660097872872,2.842614302500805,2.1163107292719533e-15,6.243116651352262e-14,3.36010738594933e-14,3194,"tags=69%, list=20%, signal=55%",FCGR2A/TLR2/ITGB2/PTPN6/TGFB3/ITGAM/FCGR3A/C3/NCF2/IL10/NCF4/NFKB1/HLA-DMA/PTGS2/CR1/NOS2/CYBA/HLA-DPB1/NCF1/NFKBIA/CYBB/HLA-DRB1/MAPK13/IL1A/HLA-DMB/IRAK1/HLA-DQB1/IFNGR2/HLA-DOA/FCGR1A/HLA-DRA/IL1B/TGFB1/JUN/HLA-DQA1/MYD88/HLA-DPA1/ITGB1/IRAK4/IFNGR1/ITGA4/FOS/TGFB2/TLR4/FCGR3B/ELK1/HLA-DRB5/HLA-DQB2
hsa04668,TNF signaling pathway,113,0.5964656626367433,2.6713356091964235,3.95444679086974e-15,1.0768262799752983e-13,5.795585984999377e-14,2005,"tags=46%, list=12%, signal=41%",TNFRSF1A/FAS/CASP8/CSF1/MMP14/IL15/CCL2/BIRC3/CXCL5/CXCL3/RHBDF2/IRF1/LIF/TNFAIP3/TNFRSF1B/MLKL/CCL20/ICAM1/MAP3K8/RIPK1/CEBPB/SOCS3/BCL3/TRADD/CXCL1/NOD2/NFKB1/CCL5/PTGS2/CXCL6/JUNB/IL18R1/CFLAR/CASP7/CASP10/MAP2K3/CXCL2/NFKBIA/MAPK13/IL6/RIPK3/TRAF1/PIK3CD/RPS6KA4/IL1B/VCAM1/JUN/CXCL10/MAP3K14/VEGFC/TRAF5/IKBKB
hsa05323,Rheumatoid arthritis,83,0.6401747268312286,2.725154785608733,9.946331745031666e-15,2.515001026958007e-13,1.3535985307148358e-13,3376,"tags=65%, list=21%, signal=52%",TCIRG1/CSF1/IL15/CCL2/CXCL5/CXCL3/TLR2/TNFSF13/ITGB2/CCL20/ICAM1/TGFB3/CD86/CTSL/CXCL1/TNFRSF11A/CCL5/ANGPT1/HLA-DMA/CXCL6/HLA-DPB1/IL18/CXCL2/HLA-DRB1/IL6/TNFSF13B/IL1A/HLA-DMB/HLA-DQB1/HLA-DOA/HLA-DRA/CXCL8/IL1B/TGFB1/JUN/CTLA4/ATP6V0E1/HLA-DQA1/HLA-DPA1/CXCL12/IL11/ACP5/ITGAL/FOS/TGFB2/IL23A/TLR4/CD28/ATP6V1B2/HLA-DRB5/MMP3/HLA-DQB2/ATP6AP1/LTB
hsa05133,Pertussis,69,0.6785460087288703,2.8117762669039315,1.1833796047563027e-14,2.7927758672248745e-13,1.5030997084974793e-13,2896,"tags=62%, list=18%, signal=51%",C1R/CASP1/C1S/CXCL5/IRF1/SERPING1/CD14/ITGB2/ITGA5/ITGAM/C3/IL10/LY96/PYCARD/C2/NFKB1/C1QA/CXCL6/NOS2/C1QC/IRF3/CASP7/NLRP3/C1QB/TICAM1/MAPK13/IL6/IL1A/IRAK1/CXCL8/IL1B/C4BPA/CALML6/JUN/MYD88/ITGB1/IRAK4/GNAI2/IRF8/FOS/CASP3/IL23A/TLR4
hsa05171,Coronavirus disease,198,0.4883270037298161,2.3491248281607104,1.2028370764436286e-13,2.661277031631528e-12,1.4323257291861631e-12,2231,"tags=27%, list=14%, signal=24%",TNFRSF1A/C1R/CASP1/C1S/CSF3/CCL2/C5AR1/FCGR2A/TLR2/IKBKE/C3/F13A1/C3AR1/C2/NFKB1/STING1/C1QA/TLR8/C1QC/IRF3/PLCG2/NLRP3/C1QB/NRP1/C7/NFKBIA/CYBB/MAPK13/IL6/CFD/PIK3CD/IRAK1/CXCL8/IL1B/SYK/IL6R/TLR3/TLR7/JUN/CXCL10/HBEGF/STAT3/C6/OAS1/OAS2/MX2/CFB/MYD88/IKBKB/IRAK4/AGTR1/IFIH1/STAT2/OAS3
hsa05164,Influenza A,141,0.5361011719165514,2.4782202822737,1.5100182498629152e-13,3.035767263082433e-12,1.6338800910434743e-12,3460,"tags=50%, list=21%, signal=40%",TNFRSF1A/FAS/CASP8/CASP1/CCL2/ICAM1/IKBKE/SOCS3/TRADD/PYCARD/PML/NFKB1/CCL5/HLA-DMA/TNFSF10/IRF3/NLRP3/HLA-DPB1/IL18/TICAM1/CALCOCO2/NFKBIA/HLA-DRB1/IL6/IL1A/HLA-DMB/PIK3CD/NLRX1/HLA-DQB1/IFNGR2/TNFRSF10A/HLA-DOA/HLA-DRA/CXCL8/IL1B/TLR3/TLR7/CXCL10/TNFRSF10B/DNAJB1/OAS1/OAS2/MX2/HLA-DQA1/MYD88/HLA-DPA1/IKBKB/IRAK4/CIITA/IFIH1/DNAJC3/IFNGR1/STAT2/ACTB/OAS3/MAP2K1/MX1/NXF3/IRF7/VDAC1/CASP3/RNASEL/TLR4/RSAD2/TRIM25/HLA-DRB5/HLA-DQB2/BAK1/TYK2/BAX/IFNAR1
hsa04142,Lysosome biogenesis,237,0.46463343319098366,2.287794512779256,1.5436104727537794e-13,3.035767263082433e-12,1.6338800910434743e-12,4740,"tags=51%, list=29%, signal=37%",TCIRG1/CTSZ/OSBPL3/HEXB/CTSA/SLC11A1/FUCA2/NPC2/CTSB/DNASE2/MAN2B1/CD164/NAGA/CTBS/LAMP2/CTSL/CD63/CTSS/LAPTM5/SLC15A3/GAA/TFE3/ACP2/GBA1/TLR8/CTSC/CTSD/TPCN1/HGSNAT/FUCA1/GNS/TPP1/GUSB/GM2A/SGSH/LAPTM4A/VAMP8/GLB1/MANBA/SUMF1/CTSO/NAGPA/PLA2G15/SMPD1/LITAF/TLR3/HEXA/TLR7/LAMP1/PSAP/AP1S3/GALNS/ATP6V0E1/GNPTG/CTNS/LAMP3/NEU1/OSTM1/AGA/M6PR/ARSA/AP1B1/NAGLU/CTSH/ASAH1/CTSW/RRAGC/ACP5/VAMP7/LGMN/SLC29A1/GALC/SLC15A4/MCOLN3/IDS/AP4M1/AP1S2/MFSD8/ABCB9/ATP6V1B2/AP5S1/ATP6AP1/PLEKHM1/SORT1/GLA/LAMTOR2/ARL8B/AP5Z1/AP3B1/BLOC1S2/AP2M1/AP3S1/SLC17A5/PPT1/CTSK/ARSG/NPC1/AP2S1/AP2A2/ABCA5/CLN6/CTSF/ARSB/CLCN7/MCOLN1/BORCS7/OSBPL6/SLC29A3/RAB7A/ATP6V1D/LAMTOR1/VPS18/MITF/LAMTOR3/BORCS8/LAMTOR5/ATP6V1E1/MCOLN2/ATP6V0D2/ATP6V1C1/LIPA
hsa05321,Inflammatory bowel disease,54,0.7027439163778793,2.77236749126579,2.453815328857924e-13,4.571845402187922e-12,2.4606126012370323e-12,3259,"tags=76%, list=20%, signal=61%",TLR2/IL4R/STAT6/TGFB3/GATA3/IL10/MAF/NOD2/NFKB1/HLA-DMA/IL18R1/TLR5/HLA-DPB1/IL18/HLA-DRB1/IL6/IL1A/HLA-DMB/HLA-DQB1/IFNGR2/HLA-DOA/HLA-DRA/IL1B/IL12RB1/IL21R/TGFB1/JUN/STAT3/HLA-DQA1/STAT4/HLA-DPA1/IFNGR1/IL18RAP/IL2RG/SMAD3/TGFB2/IL23A/TLR4/HLA-DRB5/HLA-DQB2/FOXP3
hsa05145,Toxoplasmosis,106,0.5695672628125205,2.5152373151406304,8.911663873590597e-13,1.568428913635332e-11,8.441440183407526e-12,3194,"tags=52%, list=20%, signal=42%",TNFRSF1A/CASP8/LAMB3/ALOX5/BIRC3/TLR2/CCR5/SOCS1/TGFB3/LAMB2/IL10/LY96/NFKB1/HLA-DMA/IL10RA/NOS2/PIK3R5/HLA-DPB1/LAMA2/MAP2K3/NFKBIA/HLA-DRB1/MAPK13/CD40/HLA-DMB/IRAK1/HLA-DQB1/IFNGR2/PIK3CG/HLA-DOA/HLA-DRA/TGFB1/STAT3/PIK3R6/LAMB1/HLA-DQA1/MYD88/HLA-DPA1/ITGB1/IKBKB/IRAK4/CIITA/BCL2L1/IFNGR1/LAMA5/GNAI2/LAMA3/LAMC1/HSPA1A/CASP3/TGFB2/TLR4/ITGA6/HLA-DRB5/HLA-DQB2
hsa05169,Epstein-Barr virus infection,182,0.4915934968191704,2.3341217232618603,9.304239318175697e-13,1.568428913635332e-11,8.441440183407526e-12,2231,"tags=38%, list=14%, signal=34%",FAS/CASP8/RELB/CD44/TAPBP/TAPBPL/TNFAIP3/TLR2/LYN/HLA-E/ICAM1/VIM/IKBKE/RIPK1/GADD45B/NFKB2/TRADD/JAK3/CDKN1A/NFKB1/HLA-DMA/HLA-A/CD58/PDIA3/GADD45A/IRF3/PLCG2/HLA-DPB1/HLA-C/MAP2K3/NFKBIA/HLA-DRB1/MAPK13/IL6/HLA-B/BTK/CD40/HLA-DMB/PIK3CD/HES1/IRAK1/HLA-DQB1/B2M/HLA-DOA/CD3E/HLA-DRA/CD3G/SYK/RUNX3/DDB2/JUN/CXCL10/HLA-F/STAT3/CD3D/MAP3K14/TAP1/OAS1/OAS2/HLA-DQA1/MYD88/HLA-DPA1/TAP2/TRAF5/IKBKB/IRAK4/CALR/STAT2/ENTPD1/OAS3
hsa04630,JAK-STAT signaling pathway,120,0.5430299862702566,2.4469428923750183,2.244023459771316e-12,3.6108377489047536e-11,1.9433887378880776e-11,3506,"tags=52%, list=22%, signal=41%",CLCF1/IL13RA1/IL15/CSF3/STAT5A/EGF/LIF/OSMR/IL4R/STAT6/IL2RA/IL7R/IL15RA/CSF3R/SOCS1/PTPN6/SOCS3/IL10/OSM/JAK3/CDKN1A/IL2RB/TSLP/CSF2RB/IL10RA/CTF1/IL6/PTPN2/PIK3CD/IFNGR2/IL20RA/IL31RA/IL12RB1/IL21R/IL6R/CISH/STAT3/IL22RA1/STAT4/CSF2RA/IL11/BCL2L1/IFNGR1/STAT2/GRB2/IFNLR1/EPOR/PIM1/IL2RG/IL6ST/MCL1/PRLR/IL7/PDGFB/IL23A/IL27RA/PDGFA/TYK2/IFNAR1/MPL/PDGFRB/PIAS3
hsa05417,Lipid and atherosclerosis,186,0.47767478676472386,2.2750202628358895,3.0246252752379565e-12,4.655292814931464e-11,2.5055248275426557e-11,3714,"tags=46%, list=23%, signal=36%",TNFRSF1A/FAS/CASP8/CASP1/CCL2/CXCL3/TLR2/CD14/TANK/LYN/NFATC2/ICAM1/IKBKE/LBP/NFE2L2/NCF2/NCF4/LY96/PYCARD/CXCL1/NFKB1/CCL5/VAV1/CASP6/TNFSF10/PLCB2/CYBA/IRF3/CASP7/NLRP3/IL18/TICAM1/MAP2K3/CXCL2/NCF1/NFKBIA/CYBB/MAPK13/IL6/CD40/PIK3CD/IRAK1/TNFRSF10A/CXCL8/IL1B/VCAM1/TLR6/CALML6/JUN/TNFRSF10B/STAT3/POU2F3/MYD88/CAMK2D/XBP1/IKBKB/IRAK4/PPARG/BCL2L1/VAV3/IRF7/SELE/HSPA1A/FOS/CASP3/HSPA5/RAP1B/OLR1/TLR4/ARHGEF1/ERN1/ERO1A/MMP3/RAP1A/APOB/RHOA/HSP90B1/BAX/LDLR/POU2F2/ABCA1/MMP1/RXRA/CD36/NFATC1
hsa04670,Leukocyte transendothelial migration,99,0.5467836355122736,2.3937760429809627,1.0466767732911107e-10,1.4820943109802127e-9,7.976778777502782e-10,3283,"tags=52%, list=20%, signal=41%",CLDN23/RASSF5/SIPA1/CXCR4/CD99/ITGB2/MSN/PTK2B/ICAM1/F11R/ITGAM/NCF2/NCF4/ACTN1/RAC2/VAV1/RHOH/VASP/MYL12A/CYBA/PLCG2/NCF1/CYBB/MAPK13/CLDN4/MYL9/PIK3CD/CLDN7/PXN/VCAM1/ACTN4/TXK/PECAM1/MYL5/ITGB1/CXCL12/CTNNA1/VCL/ACTB/VAV3/GNAI2/ITGA4/ITGAL/CLDN1/RAP1B/CLDN10/CD99L2/CDH5/ITK/RAP1A/RHOA
hsa04659,Th17 cell differentiation,96,0.553666668265542,2.424070080640537,1.832882754452281e-10,2.495540365677336e-9,1.3431246095379064e-9,3714,"tags=57%, list=23%, signal=44%",STAT5A/TGFBR2/IL4R/STAT6/IL2RA/RUNX1/IL1R1/NFATC2/CD4/GATA3/JAK3/NFKB1/IL2RB/HLA-DMA/HLA-DPB1/NFKBIA/HLA-DRB1/MAPK13/IL6/LCK/HLA-DMB/HLA-DQB1/IFNGR2/HLA-DOA/CD3E/HLA-DRA/IL1B/CD3G/IL12RB1/IL21R/IL6R/TGFB1/JUN/STAT3/CD3D/HLA-DQA1/HLA-DPA1/IKBKB/EBI3/IFNGR1/IL2RG/HIF1A/SMAD3/IL6ST/FOS/IL23A/HLA-DRB5/IL27RA/HLA-DQB2/FOXP3/NFKBIE/TYK2/RXRA/AHR/NFATC1
hsa05130,Pathogenic Escherichia coli infection,180,0.4575966718379944,2.166154283036626,2.0480400880064194e-10,2.589307825550973e-9,1.3935911877036164e-9,3294,"tags=41%, list=20%, signal=33%",CLDN23/TNFRSF1A/FAS/CASP8/CASP4/CASP1/FCGR2A/HCLS1/MYO1F/MYO1G/IL1R1/PTPN6/RIPK1/SEC24D/MYO1C/TRADD/PYCARD/NFKB1/CYTH4/WASF2/TNFSF10/TMBIM6/CASP7/TLR5/NLRP3/IL18/NFKBIA/MAPK13/IL6/NCKAP1L/CLDN4/IRAK1/CLDN7/TNFRSF10A/CXCL8/IL1B/MYH9/WIPF1/MYO1E/TUBA1C/JUN/TNFRSF10B/BAIAP2/MYD88/TUBA4A/ITGB1/WIPF3/TUBB6/ACTR3/IKBKB/IRAK4/LPAR1/ACTB/LPAR5/ARF6/CYFIP1/FOS/ARPC2/ACTR2/CASP3/CLDN1/CLDN10/TLR4/ARHGEF1/NAIP/GNA12/TMED10/MYO5C/WASL/ARPC3/WIPF2/PAK1/RHOA/NCK2
hsa04820,Cytoskeleton in muscle cells,208,0.43686455642643607,2.114439740354616,1.9928761686360077e-10,2.589307825550973e-9,1.3935911877036164e-9,3468,"tags=44%, list=21%, signal=35%",SDC4/COL1A1/FMNL1/COL6A3/COL1A2/ITGA7/CSRP2/MYBPH/COL3A1/ITGA5/VIM/LMNA/SDC2/ITGB5/DCN/COL6A2/THBS1/ITGA3/CSRP1/LAMA2/ATP1A1/AMPD3/COL5A2/COL6A1/ITGA11/MYL9/ITGB4/TPM3/TMEM43/SDC1/TMOD3/MYH9/SNTA1/PDLIM7/ITGA2/COL5A1/FN1/COL5A3/COL6A5/SSPN/FHL3/CAPZA1/MYL5/NID1/FBLN1/ITGB1/COMP/ZYX/COL4A6/TLN1/TPM2/ITGAV/BGN/VCL/FBN1/ACTB/TPM4/THBS3/DSC2/PDLIM4/FHL2/ATP1B2/ITGA4/THBS4/MYBPC1/PDLIM2/AMPD2/COL4A5/MYOM3/PDLIM3/TRIM63/ITGB7/ITGA6/PDLIM1/COL24A1/COL27A1/DAG1/LMOD1/DTNA/ITGA10/NRAP/ITGB3/TPM1/TNNI2/ITGB8/CAPZB/TNNC2/TRIM54/SNTB2/MYL3/COL4A2
hsa05144,Malaria,44,0.6862889348990795,2.6018046791192195,2.162238490866625e-10,2.639422157816501e-9,1.420563219044861e-9,3100,"tags=70%, list=19%, signal=57%",CSF3/CCL2/TLR2/ITGB2/ICAM1/TGFB3/SDC2/IL10/CR1/THBS1/IL18/IL6/CD40/CXCL8/IL1B/VCAM1/SDC1/TGFB1/PECAM1/MYD88/COMP/THBS3/THBS4/ITGAL/SELE/LRP1/GYPC/TGFB2/TLR4/HGF/CD81
hsa05146,Amoebiasis,84,0.5727481830158254,2.445879446207875,4.354581628541768e-10,4.972651279044471e-9,2.676330304808354e-9,2979,"tags=52%, list=18%, signal=43%",COL1A1/LAMB3/GNA15/CXCL3/TLR2/COL1A2/CD14/ITGB2/COL3A1/IL1R1/TGFB3/LAMB2/ITGAM/SERPINB9/IL10/ACTN1/CXCL1/NFKB1/HSPB1/PLCB2/NOS2/SERPINB6/LAMA2/CXCL2/IL6/PIK3CD/CD1D/CXCL8/IL1B/ACTN4/TGFB1/FN1/IL1R2/LAMB1/COL4A6/VCL/LAMA5/LAMA3/LAMC1/COL4A5/CASP3/TGFB2/TLR4/GNA14
hsa04518,Integrin signaling,147,0.48451496077693806,2.2492304465235913,4.2258177196027627e-10,4.972651279044471e-9,2.676330304808354e-9,3578,"tags=54%, list=22%, signal=42%",COL1A1/LAMB3/EGF/COL6A3/COL1A2/ITGA7/LIMS1/ERBB2/ITGB2/FERMT3/PARVG/ITGA5/ICAM1/LAMB2/ITGAM/NPNT/C3/ITGB5/ACTN1/RAC2/TNC/COL6A2/THBS1/ITGA3/LAMA2/PDGFD/DMP1/COL6A1/ITGA11/PARVA/PIK3CD/ITGB4/PXN/SPP1/VCAM1/ACTN4/TGFB1/ITGA2/FN1/COL6A5/FLNA/LAMB1/PARVB/VEGFC/ICAM3/ITGB1/COMP/IBSP/COL4A6/TLN1/ITGAV/VCL/FBN1/ACTB/LAMA5/THBS3/DSPP/LAMA3/ITGA4/LAMC1/THBS4/ITGAL/COL4A5/TNXB/PDGFB/IGF1/ITGB7/HGF/ITGA6/ITGAX/PDGFA/ITGA10/ITGB3/NCK2/ITGB8/VEGFB/COL4A2/PDGFRB/ARHGEF6
hsa04672,Intestinal immune network for IgA production,39,0.7041644081920143,2.608905423819183,4.842880879935011e-10,5.3574369734281065e-9,2.8834257870665697e-9,3382,"tags=79%, list=21%, signal=63%",IL15/LTBR/TNFSF13/CXCR4/IL15RA/CD86/IL10/HLA-DMA/HLA-DPB1/HLA-DRB1/IL6/CD40/TNFSF13B/HLA-DMB/HLA-DQB1/HLA-DOA/HLA-DRA/TGFB1/MAP3K14/HLA-DQA1/HLA-DPA1/CXCL12/ITGA4/CCR10/CD28/ITGB7/ICOSLG/LOC102723996/HLA-DRB5/HLA-DQB2/CCL28
hsa05332,Graft-versus-host disease,30,0.7504104845204886,2.566418582372772,1.7868384756960513e-9,1.916790364837582e-8,1.0316356111674173e-8,3194,"tags=83%, list=20%, signal=67%",FAS/HLA-E/CD86/HLA-DMA/HLA-A/PRF1/HLA-DPB1/HLA-C/HLA-DRB1/IL6/HLA-B/IL1A/HLA-DMB/HLA-DQB1/HLA-DOA/HLA-DRA/IL1B/HLA-F/HLA-DQA1/HLA-DPA1/GZMB/HLA-G/CD28/HLA-DRB5/HLA-DQB2
hsa05330,Allograft rejection,30,0.7465284277516694,2.55314187204577,2.6445056149664934e-9,2.7533970226415845e-8,1.4819056232474778e-8,3194,"tags=80%, list=20%, signal=64%",FAS/HLA-E/CD86/IL10/HLA-DMA/HLA-A/PRF1/HLA-DPB1/HLA-C/HLA-DRB1/HLA-B/CD40/HLA-DMB/HLA-DQB1/HLA-DOA/HLA-DRA/HLA-F/HLA-DQA1/HLA-DPA1/GZMB/HLA-G/CD28/HLA-DRB5/HLA-DQB2
hsa05134,Legionellosis,53,0.6305130797362856,2.4739254905654033,4.318238595672891e-9,4.3675898939091526e-8,2.350680258095619e-8,3035,"tags=55%, list=19%, signal=45%",CASP8/CASP1/CXCL3/TLR2/CD14/ITGB2/ITGAM/NFKB2/C3/PYCARD/CXCL1/NFKB1/CR1/CASP7/TLR5/IL18/CXCL2/NFKBIA/IL6/CXCL8/IL1B/MYD88/NLRC4/HSPA1A/CASP3/SAR1B/TLR4/NAIP/SEC22B
hsa04620,Toll-like receptor signaling pathway,90,0.541633150682967,2.340351016189578,4.538897955363329e-9,4.4632496561072736e-8,2.402165292165973e-8,2515,"tags=44%, list=16%, signal=38%",CASP8/TLR2/CD14/IKBKE/MAP3K8/CD86/LBP/RIPK1/IRF5/LY96/NFKB1/CCL5/TLR8/IRF3/TLR5/TICAM1/MAP2K3/NFKBIA/TLR1/MAPK13/IL6/CD40/PIK3CD/IRAK1/SPP1/CXCL8/IL1B/TLR6/TLR3/TLR7/JUN/CXCL10/CXCL11/MYD88/IKBKB/IRAK4/STAT2/MAP2K1/TOLLIP/IRF7
hsa05200,Pathways in cancer,475,0.3416496594052244,1.793704963915292,5.8518028231221524e-9,5.4514163141716894e-8,2.9340064016208022e-8,3686,"tags=36%, list=23%, signal=29%",FAS/CASP8/IL13RA1/FZD7/LAMB3/IL15/STAT5A/BIRC3/EGF/RASSF5/TGFBR2/IL4R/CXCR4/STAT6/IL2RA/FZD1/ERBB2/IL7R/RUNX1/IL15RA/CSF3R/TGFB3/LAMB2/NFE2L2/GADD45B/MGST2/NFKB2/CSF1R/JAK3/CDKN1A/PML/RAC2/NFKB1/IL2RB/MGST1/CSF2RB/PTGS2/RALB/PLCB2/RASGRP4/PTGER4/NOS2/GADD45A/BDKRB2/ITGA3/CASP7/PLCG2/LPAR6/LAMA2/RALBP1/PLD2/PTGER2/SPI1/NFKBIA/IL6/FGF1/GSTM4/PIM2/TRAF1/PIK3CD/HES1/GLI2/IFNGR2/TPM3/NQO1/EPAS1/CXCL8/IL12RB1/SMO/IL6R/TGFB1/CALML6/ITGA2/DDB2/JUN/FN1/STAT3/HMOX1/GNG11/NTRK1/LEF1/LAMB1/VEGFC/FGFR1/SHH/STAT4/CAMK2D/ITGB1/FGF10/TRAF5/NOTCH3/IKBKB/CXCL12/GSTM5/LPAR1/CSF2RA/COL4A6/CTNNA1/AGTR1/NKX3-1/PPARG/PPARD/ITGAV/BCL2L1/IFNGR1/STAT2/GRB2/ARAF/GNGT2/LAMA5/MAP2K1/GNAI2/ESR2/LPAR5/GNG5/EPOR/LAMA3/PIM1/LAMC1/CEBPA/IL2RG/WNT16/HIF1A/SMAD3/IL6ST/PTCH2/COL4A5/FOS/CASP3/TGFB2/IL7/FLT3/PDGFB/PMAIP1/IL23A/ARHGEF1/GNA12/IGF1/HDAC1/ARNT/HGF/ELK1/ITGA6/KITLG/CUL1/PDGFA/GSTO1/RHOA/HSP90B1/FZD8/FGFR3/FZD5/AGT/BAK1/FGF7/VEGFB/BAX/IFNAR1/COL4A2/SLC2A1/FGF2/PDGFRB/ALK/FZD10/MAX/MMP1/RXRA/GNG12/WNT2/ADCY3/JUP
hsa05205,Proteoglycans in cancer,188,0.43309515966915096,2.073113763768057,7.0893648715593455e-9,6.434961960338483e-8,3.4633604365782507e-8,3801,"tags=41%, list=23%, signal=32%",FAS/SDC4/FZD7/COL1A1/PLAUR/CD44/TLR2/COL1A2/IQGAP1/FZD1/ERBB2/HCLS1/MSN/ITGA5/PTPN6/SDC2/RRAS/CTSL/CD63/LUM/ITGB5/CDKN1A/VAV1/TWIST2/DCN/THBS1/PLCG2/MAPK13/PLAU/PIK3CD/PXN/SMO/SDC1/TGFB1/ITGA2/FN1/HBEGF/SLC9A1/STAT3/FLNA/FGFR1/SHH/CAMK2D/CAV1/ITGB1/ITGAV/GRB2/ACTB/ARAF/VAV3/MAP2K1/WNT16/HIF1A/ITPR3/PPP1CB/GPC1/CASP3/TGFB2/TLR4/ARHGEF1/IGF1/HGF/ELK1/PAK1/ITGB3/RHOA/FZD8/FZD5/HPSE/FGF2/FZD10/TWIST1/WNT2/CAV2/EGFR/MRAS/CTTN
hsa04657,IL-17 signaling pathway,78,0.5592402072294325,2.3509242703404,7.496039647540139e-9,6.506766815490431e-8,3.502006522758752e-8,2844,"tags=47%, list=18%, signal=39%",CASP8/IL17RC/CSF3/CCL2/CXCL5/CXCL3/TNFAIP3/FOSL1/S100A8/CCL20/IKBKE/CEBPB/S100A9/TRADD/CXCL1/NFKB1/PTGS2/CXCL6/CXCL2/NFKBIA/MAPK13/IL6/CCL7/CXCL8/IL1B/JUN/CXCL10/LCN2/IL17RA/TRAF5/IKBKB/FOSB/MMP13/MAPK4/FOS/CASP3/MAPK15
hsa05167,Kaposi sarcoma-associated herpesvirus infection,167,0.44861363865739207,2.1223507543330378,7.536085859748804e-9,6.506766815490431e-8,3.502006522758752e-8,2864,"tags=40%, list=18%, signal=33%",TNFRSF1A/FAS/CASP8/MICA/CLEC2B/CXCL3/LYN/HLA-E/NFATC2/CCR5/ICAM1/IKBKE/CD86/C3/TRADD/CXCL1/CDKN1A/HCK/CCR1/NFKB1/HLA-A/PTGS2/MAP1LC3C/NFATC4/PIK3R5/IRF3/PLCG2/HLA-C/TICAM1/ZFP36/CXCL2/NFKBIA/MAPK13/IL6/HLA-B/UBC/MAPKAPK2/PIK3CD/RCAN1/PIK3CG/CXCL8/SYK/TLR3/CALML6/JUN/CCR4/HLA-F/STAT3/CD200R1/GNG11/PIK3R6/LEF1/IKBKB/IFNGR1/STAT2/GNGT2/MAP2K1/GNG5/IRF7/HIF1A/ITPR3/IL6ST/HLA-G/FOS/MICB/CASP3/PDGFB
hsa05135,Yersinia infection,131,0.47895000683780686,2.1988581458687744,9.594436387729424e-9,8.086739241086229e-8,4.352363373882271e-8,3174,"tags=47%, list=20%, signal=38%",CASP1/CCL2/FCGR2A/NFATC2/ITGA5/PTK2B/CD4/WAS/LCP2/IL10/PYCARD/RAC2/NFKB1/VAV1/WASF2/IRF3/NLRP3/IL18/TICAM1/MAP2K3/NFKBIA/MAPK13/IL6/LCK/PIK3CD/IRAK1/PXN/CXCL8/IL1B/RPS6KA1/WIPF1/JUN/FN1/BAIAP2/MYD88/ITGB1/CD8B/WIPF3/ACTR3/IKBKB/RHOG/IRAK4/FYB1/MEFV/LIMK1/ACTB/VAV3/MAP2K1/NLRC4/ARF6/ITGA4/RPS6KA3/FOS/ARPC2/ACTR2/TLR4/ARHGEF1/WASL/ARPC3/SKAP2/WIPF2
hsa05142,Chagas disease,94,0.523045682434154,2.2778978307032176,1.521684280891873e-8,1.2527354312458676e-7,6.742346507746122e-8,2268,"tags=44%, list=14%, signal=38%",TNFRSF1A/FAS/CASP8/GNA15/CCL2/TGFBR2/TLR2/SERPINE1/TGFB3/C3/IL10/NFKB1/CCL5/C1QA/PLCB2/CFLAR/NOS2/C1QC/BDKRB2/C1QB/TICAM1/NFKBIA/MAPK13/IL6/PIK3CD/IRAK1/IFNGR2/CD3E/CXCL8/IL1B/CD3G/TLR6/TGFB1/JUN/CD3D/MYD88/IKBKB/IRAK4/CALR/IFNGR1/GNAI2
hsa04612,Antigen processing and presentation,62,0.5921634696484165,2.403791183631988,1.9849099694342142e-8,1.596950293590254e-7,8.594945082956766e-8,2792,"tags=58%, list=17%, signal=48%",TAPBP/TAPBPL/CTSB/HLA-E/CTSL/CD4/CTSS/HLA-DMA/HLA-A/PDIA3/HLA-DPB1/HLA-C/CD74/HLA-DRB1/HLA-B/HLA-DMB/HLA-DQB1/B2M/HLA-DOA/HLA-DRA/HLA-F/TAP1/IFI30/HLA-DQA1/HLA-DPA1/CD8B/TAP2/CIITA/PSME2/CALR/LGMN/CANX/HSPA1A/PSME1/HLA-G/HSPA5
hsa04625,C-type lectin receptor signaling pathway,93,0.5175378930730936,2.2503495391496204,3.432482342205879e-8,2.641519019871481e-7,1.4216917710280644e-7,2913,"tags=45%, list=18%, signal=37%",CASP8/CASP1/RELB/CLEC7A/PLK3/IRF1/NFATC2/IKBKE/RRAS/NFKB2/IL10/BCL3/PYCARD/NFKB1/LSP1/PTGS2/FCER1G/NFATC4/PLCG2/NLRP3/PRKCD/NFKBIA/MAPK13/IL6/MAPKAPK2/PIK3CD/IL1B/SYK/CALML6/CLEC4D/JUN/CARD9/MAP3K14/EGR2/IKBKB/STAT2/CCL22/EGR3/ITPR3/CD209/IL23A/MALT1
hsa04510,Focal adhesion,196,0.41753900509557373,2.0055501557974567,3.4171469826899956e-8,2.641519019871481e-7,1.4216917710280644e-7,3760,"tags=46%, list=23%, signal=36%",SHC1/COL1A1/LAMB3/BIRC3/EGF/COL6A3/EMP1/COL1A2/ITGA7/ERBB2/PARVG/ITGA5/LAMB2/ITGB5/ACTN1/RAC2/VAV1/TNC/CAPN2/VASP/COL6A2/THBS1/MYL12A/ITGA3/LAMA2/PDGFD/COL6A1/ITGA11/MYL9/PARVA/PIK3CD/ITGB4/PXN/SPP1/ACTN4/ITGA2/JUN/FN1/COL6A5/FLNA/MYL5/LAMB1/PARVB/VEGFC/CAV1/ITGB1/COMP/IBSP/ZYX/COL4A6/TLN1/ITGAV/VCL/GRB2/ACTB/LAMA5/VAV3/MAP2K1/THBS3/LAMA3/PAK6/BUB1B-PAK6/ITGA4/LAMC1/THBS4/MYLK/PPP1CB/COL4A5/RAP1B/TNXB/PDGFB/IGF1/ITGB7/HGF/ELK1/ITGA6/PAK1/RAP1A/PDGFA/ITGA10/ITGB3/RHOA/ITGB8/VEGFB/COL4A2/PDGFRB/EMP2/CAV2/MYL12B/EGFR/COL4A1
hsa05320,Autoimmune thyroid disease,31,0.7070856242311403,2.4496182066256136,4.130950987966577e-8,3.111397127106741e-7,1.674584834987571e-7,3194,"tags=81%, list=20%, signal=65%",FAS/HLA-E/CD86/IL10/HLA-DMA/HLA-A/PRF1/HLA-DPB1/HLA-C/HLA-DRB1/HLA-B/CD40/HLA-DMB/HLA-DQB1/HLA-DOA/HLA-DRA/HLA-F/CTLA4/HLA-DQA1/HLA-DPA1/GZMB/HLA-G/CD28/HLA-DRB5/HLA-DQB2
hsa04662,B cell receptor signaling pathway,80,0.5361445471646539,2.262300471846012,4.53224065200384e-8,3.342527480852832e-7,1.7989814868699454e-7,3162,"tags=52%, list=20%, signal=42%",FCGR2B/LILRB2/LILRA5/LYN/NFATC2/PTPN6/LILRB1/RAC2/NFKB1/VAV1/BANK1/LILRB3/LOC102725035/LOC107987425/LOC107987462/PLCG2/CD72/NFKBIA/BTK/PIK3CD/CARD11/SYK/JUN/LILRA6/DAPP1/PIK3AP1/LILRA1/LILRB4/IFITM1/LILRA2/IKBKB/GRB2/VAV3/MAP2K1/INPP5D/CD79B/BLNK/FOS/LILRB5/MALT1/CD81/INPPL1
hsa05170,Human immunodeficiency virus 1 infection,188,0.4147547053631957,1.9853227843341597,1.3432090944928776e-7,9.323451361774091e-7,5.017974119777314e-7,3213,"tags=39%, list=20%, signal=32%",TNFRSF1A/FAS/CASP8/APOBEC3F/TAPBP/BST2/APOBEC3G/TAPBPL/TLR2/TNFRSF1B/APOBEC3C/CXCR4/TRIM5/HLA-E/NFATC2/CCR5/PTK2B/RIPK1/CD4/TRADD/RAC2/NFKB1/STING1/HLA-A/NFATC4/PDIA3/IRF3/PLCG2/HLA-C/MAP2K3/NFKBIA/MAPK13/HLA-B/PIK3CD/IRAK1/B2M/CD3E/PXN/CD3G/CALML6/JUN/HLA-F/CD3D/AP1S3/GNG11/TAP1/MYD88/TAP2/TRAF5/IKBKB/IRAK4/AP1B1/LIMK1/BCL2L1/CALR/GNGT2/MAP2K1/GNAI2/GNG5/PAK6/BUB1B-PAK6/LIMK2/ITPR3/APOBEC3A/APOBEC3A_B/HLA-G/FOS/CASP3/TLR4/AP1S2/APOBEC3H/PAK1/CUL1/APOBEC3B
hsa04512,ECM-receptor interaction,85,0.5245832485906423,2.2461253331888096,1.62498192950515e-7,1.1062376981631212e-6,5.953881158713202e-7,3468,"tags=55%, list=21%, signal=44%",SDC4/COL1A1/CD44/LAMB3/COL6A3/COL1A2/ITGA7/ITGA5/LAMB2/NPNT/ITGB5/TNC/COL6A2/THBS1/ITGA3/LAMA2/DMP1/COL6A1/ITGA11/ITGB4/SPP1/SDC1/ITGA2/FN1/COL6A5/LAMB1/ITGB1/COMP/IBSP/COL4A6/ITGAV/LAMA5/THBS3/DSPP/LAMA3/ITGA4/LAMC1/THBS4/COL4A5/TNXB/ITGB7/ITGA6/DAG1/ITGA10/ITGB3/ITGB8/COL4A2
hsa04936,Alcoholic liver disease,119,0.4687863092765646,2.1065166193148013,1.9598543069291447e-7,1.3090347634960702e-6,7.045355105346082e-7,2173,"tags=34%, list=13%, signal=29%",TNFRSF1A/FAS/CASP8/IL17RC/C5AR1/CXCL3/CD14/IKBKE/LBP/RIPK1/C3/LY96/TRADD/C3AR1/CXCL1/C2/NFKB1/C1QA/C1QC/IRF3/SREBF1/C1QB/TICAM1/MAP2K3/CXCL2/NFKBIA/MAPK13/IL6/IRAK1/CXCL8/IL1B/ALDH9A1/MAP3K14/IL17RA/LEF1/MYD88/LPIN2/IKBKB/IRAK4/ADIPOR1
hsa04148,Efferocytosis,156,0.4307268541145486,2.0194279320038393,2.1458569616563197e-7,1.406728452641365e-6,7.571152242880973e-7,2825,"tags=38%, list=17%, signal=32%",CASP1/ALOX5/GPR132/RAB17/NFATC2/ADAM9/PTPN6/CEBPB/PROS1/ITGB5/IL10/CH25H/GAS6/C1QA/PTGS2/THBS1/P2RY6/AXL/PTGER4/NFATC4/C1QC/CASP7/SIGLEC10/ANO6/C1QB/STAB1/XKR8/PTGER2/MAPK13/HAVCR2/ANO9/MAPKAPK2/PLA2G15/SIRPA/TIMD4/TGFB1/DUSP5/PECAM1/NR1H3/P2RY2/NR1H2/CAMK2D/PPARG/PPARD/ATP2A3/ITGAV/CALR/SIRPG/MAP2K1/MERTK/EPOR/SLC66A1/HIF1A/DUSP2/SIRPB1/LRP1/CASP3/DUSP4/SPHK1
hsa04210,Apoptosis,129,0.4604204183447709,2.1015849619493596,2.25816448589208e-7,1.453436778192357e-6,7.822541089884527e-7,2917,"tags=41%, list=18%, signal=34%",TNFRSF1A/FAS/CASP8/CTSZ/BIRC3/CTSB/PARP3/LMNA/RIPK1/GADD45B/CTSL/CTSS/TRADD/NFKB1/CAPN2/CASP6/CSF2RB/TNFSF10/PRF1/BCL2A1/CFLAR/CTSC/GADD45A/CTSD/CASP7/CASP10/NFKBIA/TRAF1/PIK3CD/CTSO/TNFRSF10A/CAPN1/TUBA1C/JUN/TNFRSF10B/MAP3K14/NTRK1/TUBA4A/IKBKB/GZMB/BCL2L1/CTSH/ACTB/MAP2K1/PARP4/CTSW/NOL3/ITPR3/MCL1/FOS/CASP3/PMAIP1/NGF
hsa04062,Chemokine signaling pathway,167,0.4231206731811398,2.0017458287435366,2.503990362861282e-7,1.5828796222373106e-6,8.519215332291206e-7,3382,"tags=44%, list=21%, signal=35%",SHC1/CXCL14/CCL2/CXCL5/CCR2/CXCL3/CXCR4/LYN/CCR5/PTK2B/CCL20/WAS/CXCL13/JAK3/CXCL1/HCK/CCR1/RAC2/CCL26/NFKB1/CCL5/VAV1/CXCL6/PLCB2/PIK3R5/CXCL16/PLCG2/PRKCD/CXCL2/NCF1/NFKBIA/CCL18/FGR/CCL7/PIK3CD/PIK3CG/PXN/CXCL8/CXCL10/CCR4/CXCL11/STAT3/GNG11/DOCK2/PIK3R6/CXCR3/CCL8/IKBKB/CXCL12/CCL13/CXCR2/STAT2/GRB2/GNGT2/VAV3/MAP2K1/GNAI2/CCL22/GNG5/GRK2/CCR10/RAP1B/CXCR1/ARRB2/PAK1/ITK/RAP1A/GRK5/XCR1/RHOA/PPBP/CX3CL1/CCL28
hsa04650,Natural killer cell mediated cytotoxicity,92,0.5010934384949057,2.1683554985674482,2.5557921760772373e-7,1.5872814567216525e-6,8.542906442658911e-7,2915,"tags=47%, list=18%, signal=39%",FAS/MICA/SHC1/ITGB2/HLA-E/NFATC2/PTK2B/PTPN6/ICAM1/FCGR3A/LCP2/RAC2/VAV1/HLA-A/LAT2/TNFSF10/PRF1/FCER1G/PLCG2/HLA-C/HCST/LCK/HLA-B/PIK3CD/IFNGR2/TNFRSF10A/SYK/CD48/CD244/TYROBP/TNFRSF10B/GZMB/IFNGR1/GRB2/ARAF/VAV3/MAP2K1/SH2D1A/ITGAL/HLA-G/MICB/CASP3/FCGR3B
hsa05132,Salmonella infection,236,0.38469860710928716,1.8947823185760921,2.834298325818185e-7,1.729899322999375e-6,9.310489963214002e-7,3451,"tags=37%, list=21%, signal=30%",GSDMD/TNFRSF1A/CASP8/CASP4/CASP1/ANXA2/BIRC3/SNX9/TLR2/CD14/MLKL/RIPK1/RRAS/LY96/S100A10/TRADD/PYCARD/NFKB1/RHOH/CYTH4/TNFSF10/MYL12A/RHOJ/CASP7/TLR5/NLRP3/PTPRC/IL18/DYNLT3/AHNAK2/RILP/MAP2K3/NFKBIA/MAPK13/IL6/NCKAP1L/RIPK3/CASP5/MYL9/PIK3CD/IRAK1/PIK3CG/TNFRSF10A/CXCL8/IL1B/TLR6/TUBA1C/JUN/TNFRSF10B/FHOD1/SNX33/FLNA/MYL5/LEF1/MYD88/TUBA4A/TUBB6/ACTR3/IKBKB/RHOG/IRAK4/M6PR/ACTB/MAP2K1/FYCO1/NLRC4/DYNLRB2/AHNAK/ARF6/CYFIP1/FOS/ARPC2/ACTR2/CASP3/TLR4/NAIP/PLEKHM2/WASL/ARPC3/PAK1/PFN1/RHOA/PLEKHM1/ARL8B/ARHGEF26/HSP90B1/BAK1/BAX
hsa05166,Human T-cell leukemia virus 1 infection,211,0.3860283287802395,1.874742826261531,4.2281280868343174e-7,2.5368768521005904e-6,1.3653723170687093e-6,3194,"tags=35%, list=20%, signal=29%",TNFRSF1A/RELB/IL15/STAT5A/LTBR/TGFBR2/IL2RA/FOSL1/ITGB2/IL15RA/IL1R1/HLA-E/NFATC2/ICAM1/TGFB3/NFKB2/CD4/JAK3/CDKN1A/NFKB1/IL2RB/HLA-DMA/HLA-A/NFATC4/HLA-DPB1/NRP1/HLA-C/SPI1/ZFP36/NFKBIA/HLA-DRB1/IL6/LCK/HLA-B/CD40/HLA-DMB/PIK3CD/MMP7/HLA-DQB1/B2M/HLA-DOA/CD3E/HLA-DRA/CD3G/TGFB1/JUN/HLA-F/CD3D/MAP3K14/IL1R2/HLA-DQA1/HLA-DPA1/EGR2/IKBKB/TLN1/TSPO/BCL2L1/CALR/MAP2K1/IL2RG/ITGAL/SMAD3/CANX/VDAC1/HLA-G/FOS/TGFB2/EGR1/MSX1/CREB3L2/ELK1/HLA-DRB5/CREB3L1/HLA-DQB2
hsa04217,Necroptosis,127,0.4505640720294892,2.059395517116665,4.7516846770066204e-7,2.8034939594339063e-6,1.5088682921722779e-6,3460,"tags=39%, list=21%, signal=31%",TNFRSF1A/FAS/CASP8/CASP1/STAT5A/BIRC3/TNFAIP3/STAT6/PYGL/SQSTM1/MLKL/RIPK1/TRADD/JAK3/PYCARD/CAPN2/TNFSF10/CFLAR/NLRP3/TICAM1/CYBB/RIPK3/IL1A/GLUL/IFNGR2/TNFRSF10A/SMPD1/IL1B/TLR3/CAPN1/TNFRSF10B/STAT3/STAT4/FTL/CAMK2D/TRAF5/RBCK1/IFNGR1/STAT2/H2AJ/VDAC1/FTH1/TLR4/ZBP1/CHMP2A/CHMP4B/CHMP4C/TYK2/BAX/IFNAR1
hsa04382,Cornified envelope formation,109,0.46493516078596003,2.0616823960225084,5.3005800055017e-7,3.0760742982747574e-6,1.655573737697684e-6,2865,"tags=38%, list=18%, signal=31%",CLDN23/S100A16/LAMB3/S100A4/FURIN/KRT7/S100A8/SLC27A1/S100A13/S100A9/S100A10/GBA1/S100A11/UGCG/PPL/S100A6/CLDN4/S100A2/KRT8/ITGB4/CLDN7/KRT80/KRT75/CAPN1/TGM5/EPHX2/SPTLC3/KRT18/ST14/COL4A6/S100A12/TCHH/LAMA5/HAL/EPHX3/KDSR/LAMA3/ELOVL1/COL4A5/CLDN1/CLDN10
hsa04623,Cytosolic DNA-sensing pathway,68,0.5366818654059311,2.21837781679711,1.0848503292782843e-6,6.095825659754169e-6,3.2808339114347455e-6,2131,"tags=38%, list=13%, signal=33%",GSDMD/CASP8/CASP1/DNASE2/MLKL/IKBKE/RIPK1/PYCARD/NFKB1/CCL5/STING1/IRF3/CASP7/NLRP3/IL18/NFKBIA/IL6/RIPK3/ZDHHC1/IL1B/CXCL10/IFI16/GSDME/IKBKB/POLR2L/MEFV
hsa05162,Measles,115,0.4513643222693431,2.0290065336263146,1.2319676825244691e-6,6.709485532517878e-6,3.6111117495858937e-6,2972,"tags=41%, list=18%, signal=34%",FCGR2B/FAS/CASP8/STAT5A/TNFAIP3/TLR2/IL2RA/MSN/IKBKE/TRADD/SLAMF1/JAK3/NFKB1/IL2RB/IRF3/NFKBIA/IL6/IL1A/PIK3CD/IRAK1/CD3E/IL1B/CD3G/TLR7/JUN/STAT3/CD3D/OAS1/OAS2/MX2/MYD88/IKBKB/IRAK4/IFIH1/BCL2L1/STAT2/OAS3/MX1/IL2RG/IRF7/HSPA1A/FOS/CD46/CD209/CASP3/TLR4/CD28
hsa04514,Cell adhesion molecule (CAM) interaction,143,0.42382330066493556,1.9654771782659093,1.3942968592714161e-6,7.4785013360921405e-6,4.025003692633594e-6,3194,"tags=48%, list=20%, signal=39%",CLDN23/SDC4/CD274/PDCD1LG2/CD99/ITGB2/HLA-E/ICAM1/F11R/ITGAM/SDC2/CD86/CD4/NECTIN2/CD6/HLA-DMA/HLA-A/CD58/SELPLG/HLA-DPB1/PTPRC/HLA-C/HLA-DRB1/HLA-B/CD276/CD40/CLDN4/HLA-DMB/CD2/HLA-DQB1/CLDN7/HLA-DOA/HLA-DRA/VCAM1/SDC1/HLA-F/CTLA4/VSIR/PECAM1/HLA-DQA1/ICAM3/HLA-DPA1/ITGB1/CD8B/ITGAV/SELL/ITGA4/SPN/CD34/CNTNAP1/ITGAL/SELE/HLA-G/CLDN1/JAML/SIGLEC1/NRCAM/CLDN10/CD99L2/CD28/ITGB7/CD226/ICOSLG/LOC102723996/ITGA6/CDH5/HLA-DRB5/HLA-DQB2
hsa04940,Type I diabetes mellitus,36,0.6312188683174124,2.2636577493138064,2.125933224386606e-6,1.123254270795311e-5,6.045466042639053e-6,3194,"tags=67%, list=20%, signal=54%",FAS/HLA-E/CD86/HLA-DMA/HLA-A/PRF1/HLA-DPB1/HLA-C/HLA-DRB1/HLA-B/IL1A/HLA-DMB/HLA-DQB1/HLA-DOA/HLA-DRA/IL1B/HLA-F/HLA-DQA1/HLA-DPA1/GZMB/HLA-G/CD28/HLA-DRB5/HLA-DQB2
hsa04658,Th1 and Th2 cell differentiation,83,0.4847985535232098,2.063735169192748,2.4654326853545676e-6,1.283475250905172e-5,6.907791270111097e-6,2206,"tags=41%, list=14%, signal=36%",STAT5A/IL4R/STAT6/IL2RA/NFATC2/CD4/GATA3/MAF/JAK3/NFKB1/IL2RB/HLA-DMA/HLA-DPB1/NFKBIA/HLA-DRB1/MAPK13/LCK/HLA-DMB/HLA-DQB1/IFNGR2/HLA-DOA/CD3E/HLA-DRA/CD3G/IL12RB1/RUNX3/JUN/CD3D/HLA-DQA1/STAT4/HLA-DPA1/NOTCH3/IKBKB/IFNGR1
hsa04216,Ferroptosis,40,0.5902435561453645,2.1936003019293175,5.244304129895121e-6,2.6147657211026373e-5,1.4072928799273788e-5,3798,"tags=60%, list=23%, signal=46%",STEAP3/SAT1/SLC39A8/CP/GCLM/MAP1LC3C/ACSL5/CYBB/PRNP/ACSL1/SLC39A14/HMOX1/SLC7A11/ACSL3/FTL/SLC40A1/FTH1/ACSL4/SLC3A2/LPCAT3/TFRC/MAP1LC3A/ATG7/GSS
hsa05131,Shigellosis,233,0.3622488694973003,1.784357524217739,6.09694424606172e-6,2.997664254313679e-5,1.6133726732999584e-5,3303,"tags=32%, list=20%, signal=26%",TNFRSF1A/CASP4/CASP1/CD44/WIPI1/HKDC1/HK3/CD14/HCLS1/SQSTM1/IL1R1/ITGA5/RIPK1/C3/TRADD/ACTN1/PYCARD/NFKB1/CCL5/CAPN2/STING1/CYTH4/WASF2/PLCB2/MAP1LC3C/MYL12A/IRF3/PLCG2/TLR5/NLRP3/IL18/CALCOCO2/PRKCD/NFKBIA/MAPK13/UBC/MYL9/PIK3CD/PXN/CXCL8/IL1B/ACTN4/CAPN1/JUN/TIFA/HK1/MYL5/MYD88/ITGB1/TRAF5/ACTR3/IKBKB/RBCK1/TLN1/BCL2L1/VCL/ACTB/TNIP1/NLRC4/ARF6/RRAGC/ITPR3/VDAC1/ARPC2/ACTR2/PLCD1/TLR4/NAIP/MALT1/WASL/ARPC3/CUL1/PFN1/RHOA/CAPNS1
hsa05416,Viral myocarditis,66,0.5024632134755285,2.05842345421075,1.073146442172988e-5,5.204025212729284e-5,2.800858053832889e-5,3248,"tags=53%, list=20%, signal=43%",CASP8/ITGB2/HLA-E/ICAM1/CD86/RAC2/HLA-DMA/HLA-A/PRF1/HLA-DPB1/LAMA2/HLA-C/HLA-DRB1/HLA-B/CD40/HLA-DMB/HLA-DQB1/HLA-DOA/HLA-DRA/SNTA1/HLA-F/SSPN/HLA-DQA1/CD55/HLA-DPA1/CAV1/ACTB/ITGAL/HLA-G/CASP3/CD28/HLA-DRB5/HLA-DQB2/DAG1/DTNA
hsa04979,Cholesterol metabolism,41,0.5768299970796501,2.1467162824284687,1.4416746308147614e-5,6.804704257445673e-5,3.662359413017149e-5,4292,"tags=56%, list=27%, signal=41%",PLTP/NPC2/CYP27A1/NCEH1/SOAT1/LRPAP1/ANGPTL4/LIPC/TSPO/LIPG/LDLRAP1/APOC1/LRP1/VDAC1/APOB/SORT1/LDLR/ABCB11/ABCA1/CD36/NPC1/APOC2/APOE
hsa04066,HIF-1 signaling pathway,103,0.428198635178224,1.886762505119415,3.2508730302736966e-5,1.4945572113206346e-4,8.043855344901424e-5,3740,"tags=37%, list=23%, signal=29%",TIMP1/LTBR/EGF/HKDC1/HK3/ERBB2/SERPINE1/CDKN1A/NFKB1/MKNK1/ANGPT1/NOS2/MKNK2/PLCG2/CYBB/IL6/PIK3CD/IFNGR2/EPAS1/IL6R/STAT3/HMOX1/HK1/CAMK2D/PFKFB3/IFNGR1/MAP2K1/HIF1A/PFKL/TLR4/IGF1/ARNT/TFRC/LDHA/ALDOA/SLC2A1/EGFR/GAPDH
hsa05163,Human cytomegalovirus infection,199,0.3621796484188289,1.738850700652638,3.853432222371338e-5,1.748865393230069e-4,9.412567236831476e-5,2335,"tags=29%, list=14%, signal=25%",TNFRSF1A/FAS/CASP8/TAPBP/CCL2/TAPBPL/CXCR4/IL1R1/HLA-E/NFATC2/CCR5/PTK2B/RIPK1/TRADD/CDKN1A/CCR1/RAC2/NFKB1/CCL5/STING1/HLA-A/PTGS2/IL10RA/PLCB2/PTGER4/NFATC4/PDIA3/IRF3/HLA-C/PTGER2/NFKBIA/MAPK13/IL6/HLA-B/PIK3CD/B2M/PXN/CXCL8/IL1B/IL6R/CALML6/HLA-F/STAT3/GNG11/TAP1/TAP2/TRAF5/IKBKB/CXCL12/CXCR2/ITGAV/CALR/GRB2/GNGT2/MAP2K1/GNAI2/GNG5
hsa05310,Asthma,21,0.6774470678082836,2.1091031971979004,5.77147939175233e-5,2.4915898837564937e-4,1.3409984209334684e-4,3356,"tags=76%, list=21%, signal=60%",IL10/HLA-DMA/RNASE3/FCER1G/HLA-DPB1/HLA-DRB1/CD40/HLA-DMB/HLA-DQB1/HLA-DOA/HLA-DRA/HLA-DQA1/HLA-DPA1/HLA-DRB5/HLA-DQB2/FCER1A
hsa05235,PD-L1 expression and PD-1 checkpoint pathway in cancer,83,0.44216262682433166,1.8822386264325677,5.936076148229124e-5,2.5016320910394165e-4,1.3464032366284105e-4,3021,"tags=36%, list=19%, signal=30%",CD274/EGF/TLR2/NFATC2/PTPN6/CD4/BATF/NFKB1/TICAM1/BATF2/MAP2K3/NFKBIA/MAPK13/LCK/PIK3CD/IFNGR2/CD3E/CD3G/JUN/STAT3/CD3D/MYD88/IKBKB/IFNGR1/MAP2K1/HIF1A/FOS/TLR4/CD28/BATF3
hsa05418,Fluid shear stress and atherosclerosis,127,0.40341046581727,1.8438702871267934,6.382372248454874e-5,2.6580703246506185e-4,1.4305998476412787e-4,3368,"tags=40%, list=21%, signal=32%",TNFRSF1A/SDC4/CCL2/SQSTM1/IL1R1/ICAM1/SDC2/NFE2L2/MGST2/CTSL/NCF2/THBD/DUSP1/RAC2/NFKB1/MGST1/CYBA/NCF1/MAPK13/GSTM4/IL1A/PIK3CD/NQO1/IL1B/VCAM1/SDC1/CALML6/JUN/HMOX1/IL1R2/PECAM1/TRPV4/CAV1/IKBKB/GSTM5/ITGAV/ASS1/ACTB/MEF2A/GPC1/SELE/FOS/PDGFB/PRKAA1/CDH5/ACVR1/PDGFA/GSTO1/ITGB3/RHOA/HSP90B1
hsa04666,Fc gamma R-mediated phagosome formation,91,0.41981868815243306,1.8141530452391499,6.729222229515677e-5,2.7699356619169185e-4,1.4908068831607563e-4,4449,"tags=48%, list=27%, signal=35%",FCGR2B/FCGR2A/LYN/FCGR3A/WAS/HCK/RAC2/VAV1/VASP/WASF2/PLCG2/PTPRC/PLD2/PRKCD/NCF1/PIK3CD/FCGR1A/SYK/SCIN/GSN/ACTR3/LIMK1/VAV3/MAP2K1/INPP5D/ARF6/LIMK2/ARPC2/ACTR2/SPHK1/FCGR3B/ARPC3/INPPL1/PAK1/PLPP3/DNM2/ARPC1A/ARPC1B/PLPP1/PIP5K1B/ARPC4/ASAP3/ARPC5/RAC1
hsa05161,Hepatitis B,143,0.3857254914624745,1.7887988917916013,7.011883320650639e-5,2.8531111442647427e-4,1.5355727538266979e-4,3460,"tags=37%, list=21%, signal=29%",FAS/CASP8/STAT5A/TGFBR2/TLR2/STAT6/NFATC2/PTK2B/TGFB3/IKBKE/JAK3/CDKN1A/NFKB1/NFATC4/IRF3/CASP10/TICAM1/MAP2K3/NFKBIA/MAPK13/IL6/PIK3CD/IRAK1/CXCL8/TGFB1/TLR3/DDB2/JUN/STAT3/MYD88/STAT4/EGR2/IKBKB/IRAK4/IFIH1/STAT2/GRB2/ARAF/MAP2K1/EGR3/IRF7/SMAD3/FOS/CASP3/TGFB2/TLR4/CREB3L2/ELK1/CREB3L1/ATP6AP1/TYK2/BAX/IFNAR1
hsa00010,Glycolysis / Gluconeogenesis,56,0.4999194079466211,1.9921724753527534,7.389821637787336e-5,2.9727237042917237e-4,1.5999494215783588e-4,4215,"tags=48%, list=26%, signal=36%",GALM/ALDH3B1/HKDC1/HK3/PKM/ADPGK/FBP1/ALDH3A1/PCK2/ALDH9A1/ACSS2/HK1/PGM2/PFKL/GPI/LDHA/DLD/ALDOA/ADH1B/GCK/GAPDH/ALDH7A1/G6PC3/PCK1/AKR1A1/ALDH2/PGK1
hsa04141,Protein processing in endoplasmic reticulum,166,0.3607946626544267,1.7032255744207956,1.22098466655357e-4,4.8025396884440416e-4,2.584774557265452e-4,4974,"tags=48%, list=31%, signal=33%",MAN1C1/MAN1A1/NFE2L2/SEC24D/HERPUD1/CAPN2/PDIA3/RRBP1/SIL1/MAGT1/P4HB/CAPN1/EDEM1/LMAN1/PPP1R15A/DNAJB1/ERP29/SSR3/BCAP31/XBP1/RPN2/TRAM1/DNAJC3/FBXO6/SEC61G/PDIA6/CALR/GANAB/LMAN2/PDIA4/WFS1/SEC31A/CKAP4/CANX/DNAJC10/HSPA1A/ERLEC1/EDEM2/MMP24-AS1-EDEM2/HSPA5/DUS4L-BCAP29/SAR1B/SEC61A1/UBXN4/SELENOS/ERN1/ERO1A/OSTC/CUL1/PRKCSH/HSP90B1/BAK1/BAX/DDOST/STT3A/MAN1B1/OST4/RPN1/HSPA6/SSR1/PREB/AMFR/HSPA1B/SYVN1/DNAJC5B/MOGS/SEC24A/STT3B/EDEM3/DNAJB2/MAP3K5/DERL3/ATF6B/BCAP29/UBXN6/SKP1/BAG2/SEC24B/DNAJC1
hsa04010,MAPK signaling pathway,278,0.31196847252318693,1.5590999433136676,2.4905545667823736e-4,9.480175447752261e-4,5.102324579373058e-4,3927,"tags=36%, list=24%, signal=28%",TNFRSF1A/FAS/RELB/CSF1/EREG/PTPN7/EGF/CACNA2D4/TGFBR2/CD14/ERBB2/EFNA4/IL1R1/TGFB3/MAP3K8/RRAS/GADD45B/NFKB2/CSF1R/AREG/TRADD/DUSP1/MAP3K6/RAC2/NFKB1/MKNK1/ANGPT1/HSPB1/RASGRP4/GADD45A/MKNK2/EPHA2/MAP4K1/PDGFD/MAP2K3/MAPK13/FGF1/IL1A/MAPKAPK2/RPS6KA4/IRAK1/DUSP3/IL1B/RPS6KA1/TGFB1/JUN/MAP3K20/MAP3K14/DUSP5/FLNA/MAPKAPK3/NTRK1/VEGFC/MYD88/FGFR1/FGF10/IKBKB/IRAK4/GRB2/ARAF/MAP2K1/DUSP6/RPS6KA3/DUSP2/HSPA1A/FOS/CASP3/DUSP4/TGFB2/RAP1B/FLT3/PDGFB/NGF/GNA12/IGF1/HGF/ARRB2/ELK1/MAP3K11/KITLG/PAK1/RAP1A/PDGFA/MAP4K2/STK3/FGFR3/FGF7/VEGFB/FGF2/PDGFRB/MAX/MAP2K5/GNG12/NFATC1/EGFR/MRAS/HSPA6/SRF/EFNA5/PRKACA/CACNG6
hsa05160,Hepatitis C,126,0.3805261128623661,1.7355298550196026,2.7664390056532145e-4,0.0010418291574481255,5.607227995780873e-4,3471,"tags=35%, list=21%, signal=28%",CLDN23/TNFRSF1A/FAS/CASP8/EGF/IKBKE/RIPK1/SOCS3/TRADD/CDKN1A/NFKB1/CFLAR/IRF3/TICAM1/NFKBIA/CLDN4/PIK3CD/CLDN7/TLR3/CXCL10/STAT3/OAS1/OAS2/NR1H3/MX2/IKBKB/STAT2/GRB2/OAS3/ARAF/MAP2K1/MX1/IRF7/CASP3/CLDN1/RNASEL/CLDN10/RSAD2/CD81/BAK1/TYK2/BAX/IFNAR1/LDLR
hsa04520,Adherens junction,89,0.41196226423397697,1.7820628241354544,3.0931567370608154e-4,0.0011526078788626618,6.20345007654302e-4,4061,"tags=43%, list=25%, signal=32%",TGFBR2/IQGAP1/ERBB2/PTPN6/WAS/NECTIN2/ACTN1/RAC2/WASF2/MYL12A/ARHGAP29/HEG1/MYL9/ACTN4/SNAI2/MYL5/BAIAP2/LEF1/FGFR1/NECTIN4/CTNNA1/VCL/SSX2IP/ACTB/CCM2/SMAD3/RAP1B/WASL/CDH5/RAP1A/RHOA/MYL12B/EGFR/PTPN1/SNAI1/CTNND1/ACTG1/PTPRF
hsa00590,Arachidonic acid metabolism,43,0.5172205810018238,1.9515756941213578,3.15540044545928e-4,0.0011635539142631093,6.262362726185632e-4,2027,"tags=40%, list=13%, signal=35%",PLA2G5/ALOX5/PLA2G2A/PLA2G2C/PLB1/PTGS1/PTGES/TBXAS1/PTGS2/PLAAT3/PTGR1/EPHX2/LTC4S/ALOX15B/CYP4F3/GGT5/LTA4H
hsa05340,Primary immunodeficiency,29,0.585069045593232,1.9744745296783206,4.3462826719972204e-4,0.001586169140089707,8.536919844074845e-4,2682,"tags=59%, list=17%, signal=49%",IL7R/CD4/JAK3/PTPRC/LCK/BTK/CD40/CD3E/CD3D/TAP1/CD8B/TAP2/CIITA/AIRE/RAG1/IL2RG/BLNK
hsa03250,Viral life cycle - HIV-1,61,0.46061443444208583,1.8625176525539664,5.624291506300598e-4,0.002011110296192335,0.0010823995349711945,3422,"tags=39%, list=21%, signal=31%",APOBEC3F/BST2/APOBEC3G/FURIN/MDFIC/APOBEC3C/CXCR4/TRIM5/CCR5/CD4/SERINC3/ELL2/MX2/ELL/MX1/PDCD6IP/APOBEC3A/APOBEC3A_B/APOBEC3H/BICD1/APOBEC3B/CHMP4B/SAMHD1/MAP1B
hsa00480,Glutathione metabolism,47,0.4858225083675924,1.8543126383915702,8.327296279480863e-4,0.002918676121719035,0.0015708604758582973,4389,"tags=57%, list=27%, signal=42%",GPX8/PRDX6/OPLAH/LAP3/MGST2/GCLM/MGST1/ANPEP/GSTK1/GSTM4/RRM2B/G6PD/GGT5/GSTM5/SMS/GPX1/CHAC1/GSTO1/HPGDS/GGCT/GSR/GSS/MGST3/GSTP1/GSTM2/TXNDC12/GPX4
hsa00500,Starch and sucrose metabolism,28,0.5611283562029481,1.878686322800866,8.507345928766936e-4,0.0029525494693955837,0.0015890914479946498,4612,"tags=64%, list=28%, signal=46%",HKDC1/HK3/PYGL/GAA/UGP2/HK1/GYS1/PGM2/GPI/GBE1/PGM2L1/GCK/GYG2/G6PC3/PYGM/ENPP1/MGAM/GYG1
hsa04622,RIG-I-like receptor signaling pathway,55,0.46329507025070576,1.839946666071263,9.442474966811787e-4,0.0032140732098570888,0.0017298461224624832,2515,"tags=35%, list=16%, signal=29%",CASP8/DHX58/TANK/IKBKE/RIPK1/TRADD/NFKB1/STING1/IRF3/CASP10/NFKBIA/MAPK13/NLRX1/CXCL8/CXCL10/IKBKB/IFIH1/ZNFX1/IRF7
hsa00052,Galactose metabolism,29,0.565566770205869,1.9086588002133023,0.001023296115333279,0.003354137266925748,0.0018052299890382413,3959,"tags=52%, list=24%, signal=39%",GALM/B4GALT1/HKDC1/HK3/GAA/GLB1/UGP2/HK1/GALK1/PGM2/PFKL/GLA/GCK/AKR1B10/G6PC3
hsa03272,Virion - Hepatitis viruses,37,0.5187123540845022,1.8905159358125643,0.0011017741953867927,0.0035782391299717855,0.0019258438374216273,4094,"tags=46%, list=25%, signal=34%",CLDN23/DPP4/LAMP2/TGOLN2/CD63/CLDN4/CLDN7/LAMP1/PDCD6IP/CLDN1/CLDN10/CD81/CHMP4B/LDLR/EGFR/CLDN12/CD9
hsa04975,Fat digestion and absorption,24,0.581341120665776,1.8865349238519367,0.00135491998103398,0.004257770321895989,0.00229157427375312,341,"tags=25%, list=2%, signal=25%",PLA2G5/PLA2G2A/PLA2G2C/SLC27A1/AGPAT2/MTTP
hsa00531,Glycosaminoglycan degradation,17,0.6369263358503261,1.8499382065493999,0.0016390228803817577,0.005001845686682261,0.0026920430249464445,3478,"tags=65%, list=21%, signal=51%",HEXB/HGSNAT/GNS/GUSB/SGSH/GLB1/HEXA/GALNS/NAGLU/IDS/HPSE
hsa04613,Neutrophil extracellular trap formation,166,0.32925990527077,1.5543575039680904,0.0017098384235548368,0.005173357281524891,0.002784352268676793,1471,"tags=20%, list=9%, signal=19%",GSDMD/CASP4/CASP1/C5AR1/CLEC7A/FCGR2A/HDAC7/CAMP/SIGLEC9/TLR2/ITGB2/ITGAM/FCGR3A/FPR2/AQP9/C3/NCF2/NCF4/RAC2/NFKB1/CR1/PLCB2/TLR8/CYBA/FPR1/SELPLG/PLCG2/NCF1/CYBB/MAPK13/PIK3CD/FCGR1A/SYK/TLR7
hsa00592,alpha-Linolenic acid metabolism,15,0.6694449773595572,1.8430384227578167,0.001985793013016454,0.0059573790390493615,0.003206320565173757,788,"tags=33%, list=5%, signal=32%",PLA2G5/PLA2G2A/PLA2G2C/PLB1/PLAAT3
hsa00513,Various types of N-glycan biosynthesis,42,0.47888268718328386,1.7841288093023369,0.0024126238482348925,0.007177049094749176,0.003862759102437113,3810,"tags=45%, list=24%, signal=35%",MAN1C1/HEXB/MAN1A1/B4GALT1/MGAT1/MAGT1/ALG2/MGAT4B/HEXA/RPN2/MGAT4A/MAN2A1/ALG1/OSTC/DDOST/STT3A/MAN1B1/OST4/RPN1
hsa04146,Peroxisome,78,0.3899869995164466,1.6394205753240982,0.003825964625231302,0.010922511913966782,0.005878604390211084,5883,"tags=53%, list=36%, signal=34%",PIPOX/ACOX2/CROT/DDO/ABCD1/GSTK1/NOS2/HMGCL/ACSL5/NUDT19/ACSL1/EPHX2/ACSL3/ACSL4/SOD1/SCP2/PHYH/CAT/MPV17/AMACR/DHRS4/ACAA1/ECI2/PEX11B/ABCD2/IDH1/DAO/PEX11G/PEX12/DECR2/PRDX5/PEX10/PMVK/PECR/PEX13/PXMP4/AGXT/PRDX1/CRAT/MPV17L/PEX2
hsa04392,Hippo signaling pathway - multiple species,26,0.5160471967686407,1.711626798310787,0.006749113260498903,0.01866551636106728,0.010045966284130771,1565,"tags=27%, list=10%, signal=24%",YAP1/LATS2/WWTR1/TEAD3/MOB1A/AJUBA/WTIP
hsa03320,PPAR signaling pathway,63,0.39317798230566753,1.5957514639643327,0.0068181512193072604,0.018710275439029225,0.010070056064419537,4133,"tags=40%, list=26%, signal=30%",PLTP/ACOX2/SLC27A1/CYP27A1/ACSL5/UBC/ACSL1/PCK2/ANGPTL4/NR1H3/ACSL3/PPARG/PPARD/GK/FABP5/OLR1/ACSL4/PLIN2/SCP2/MMP1/RXRA/CD36/SLC27A6/PCK1/ACAA1
hsa00564,Glycerophospholipid metabolism,93,0.3417912965028542,1.4861711516492178,0.012487606739736538,0.03157580561333381,0.01699441217964146,3568,"tags=30%, list=22%, signal=24%",PLA2G5/SGMS2/PLA2G2A/PLA2G2C/AGPAT2/PLB1/CHPT1/PLAAT3/GPAT3/PLD2/MBOAT7/MBOAT1/PLA2G15/PCYT1A/LPIN2/LPCAT2/AGPAT3/PLD3/PNPLA6/PNPLA7/CDS1/LPCAT3/CDIPT/DGKA/DGKZ/PHOSPHO1/PLPP3/LPIN3
hsa00603,Glycosphingolipid biosynthesis - globo and isoglobo series,16,0.5508985633098145,1.562417331787457,0.014501438199488941,0.03640786611786585,0.019595075133314658,3310,"tags=44%, list=20%, signal=35%",HEXB/GBGT1/NAGA/ST3GAL1/HEXA/A4GALT/GLA
hsa01200,Carbon metabolism,104,0.3300076857180586,1.4546592239358602,0.018166627190664992,0.0437482042550708,0.02354571802012434,4821,"tags=36%, list=30%, signal=25%",SUCLG2/HKDC1/HK3/PKM/ADPGK/H6PD/FBP1/SDSL/ACSS2/OGDH/HK1/PRPS2/G6PD/SDS/RGN/PFKL/GPI/SHMT1/IDH3A/ACADS/OGDHL/DLD/ALDOA/CAT/PGLS/GCK/GAPDH/TKFC/SDHD/PGK1/TKT/ECHS1/TPI1/IDH1/RPE/SDHC/PSPH
